,region,region_coord
0,"Douro, Portugal","(41.5012768, -5.512293199999999)"
1,"Willamette Valley, USA","(44.942554, -122.9337615)"
2,"Navarra, Spain","(42.6953909, -1.6760691)"
3,"Alsace, France","(48.3181795, 7.441624099999999)"
4,"Napa Valley, USA","(38.5024689, -122.2653887)"
5,"Alexander Valley, USA","(38.6129647, -122.7694345)"
6,"Etna, Italy","(37.751005, 14.9934349)"
7,"Central Coast, USA","(38.39277999999999, -121.57194)"
8,"Cafayate, Argentina","(-26.0730798, -65.976052)"
9,"Mendoza, Argentina","(-32.8894587, -68.8458386)"
10,"Ribera del Duero, Spain","(41.7820044, -3.6623239)"
11,"Virginia, USA","(37.4315734, -78.6568942)"
12,"Sicilia, Italy","(37.5999938, 14.0153557)"
13,"Paso Robles, USA","(35.6368759, -120.6545022)"
14,"Sonoma Coast, USA","(38.291859, -122.4580356)"
15,"Cerasuolo di Vittoria, Italy","(36.952079, 14.5372494)"
16,"Clarksburg, USA","(39.2806451, -80.34453409999999)"
17,"Beaujolais-Villages, France","(37.68572080000001, -97.335374)"
18,"Dry Creek Valley, USA","(39.2614426, -121.3414203)"
19,"Sonoma Valley, USA","(38.291859, -122.4580356)"
20,"McMinnville, USA","(45.21011619999999, -123.1987163)"
21,"Colchagua Valley, Chile","(-34.5486349, -71.4016872)"
22,"Puglia, Italy","(40.7928393, 17.1011931)"
23,"Beaujolais, France","(46.1134349, 4.7263863)"
24,"Maule Valley, Chile","(33.6989764, -111.9184901)"
25,"Lake County, USA","(42.3689363, -87.8271534)"
26,"Monticello, USA","(38.0086043, -78.4531994)"
27,"Brouilly, France","(45.844705, 4.40916)"
28,"Monica di Sardegna, Italy","(34.1038943, -118.2869547)"
29,"Bordeaux Blanc, France","(36.1130263, -95.97528539999999)"
30,"North Coast, USA","(38.01925230000001, -122.8631254)"
31,"Maipo Valley, Chile","(-33.8088442, -70.7644236)"
32,"Calistoga, USA","(38.5787965, -122.5797054)"
33,"Morellino di Scansano, Italy","(42.6863861, 11.3339204)"
34,"Barolo, Italy","(44.6088032, 7.9403041)"
35,"Rockpile, USA","(38.6086657, -122.8698321)"
36,"Padthaway, Australia","(-36.6270289, 140.433893)"
37,"Stellenbosch, South Africa","(-33.9321045, 18.860152)"
38,"Simonsberg-Stellenbosch, South Africa","(-33.9273187, 18.880768)"
39,"Saint-Émilion, France","(44.89438699999999, -0.155729)"
40,"Walker Bay, South Africa","(-34.49686519999999, 19.3336242)"
41,"Barbera d'Alba, Italy","(44.69962890000001, 8.0344365)"
42,"Santa Lucia Highlands, USA","(36.4307709, -121.4203754)"
43,"Santa Ynez Valley, USA","(34.5841542, -120.0973685)"
44,"Carmel Valley, USA","(36.4799024, -121.7327931)"
45,"Dominio de Valdepusa, Spain","(30.6702395, -81.4620358)"
46,"Chianti Classico, Italy","(43.4838044, 11.3785656)"
47,"Brunello di Montalcino, Italy","(43.05586, 11.4898673)"
48,"Cahors, France","(44.4475229, 1.441989)"
49,"Moulin-à-Vent, France","(46.205148, 4.724786)"
50,"Aconcagua Valley, Chile","(-32.7555335, -70.7248133)"
51,"Loncomilla Valley, Chile","(-35.6778298, -71.7681764)"
52,"Marlborough, New Zealand","(-41.5916883, 173.7624053)"
53,"Alto Adige, Italy","(46.4336662, 11.1693296)"
54,"Chablis, France","(47.815269, 3.800450999999999)"
55,"Arroyo Seco, USA","(36.5166928, -105.5691763)"
56,"Salta, Argentina","(-24.7821269, -65.4231976)"
57,"Anderson Valley, USA","(39.0865657, -123.4794542)"
58,"Casablanca Valley, Chile","(-33.3182828, -71.4070899)"
59,"Campania, Italy","(41.10994729999999, 14.8475139)"
60,"Rosso del Veronese, Italy","(38.8502352, -104.8671729)"
61,"St.-Romain, France","(45.275356, 0.148406)"
62,"Vino Nobile di Montepulciano, Italy","(38.2916373, -122.4560464)"
63,"Vernaccia di San Gimignano, Italy","(43.46757239999999, 11.0415243)"
64,"Judean Hills, Israel","(31.6666667, 35.1666667)"
65,"Alentejo, Portugal","(38.2003808, -7.800084999999998)"
66,"Finger Lakes, USA","(42.7238165, -76.9297247)"
67,"Cayuga Lake, USA","(42.6776693, -76.6990172)"
68,"South Australia, Australia","(-30.0002315, 136.2091547)"
69,"Montepulciano d'Abruzzo, Italy","(42.6641013, 14.0005595)"
70,"Santa Barbara County, USA","(34.4208305, -119.6981901)"
71,"Diamond Mountain District, USA","(40.3126723, -120.6930061)"
72,"McLaren Vale, Australia","(-35.2210309, 138.5461247)"
73,"Mendocino, USA","(39.3076744, -123.7994591)"
74,"Vin de Pays des Côtes de Gascogne, France","(43.8588747, 0.088527)"
75,"Russian River Valley, USA","(38.9119799, -123.0537083)"
76,"Vino de la Tierra de Castilla y León, Spain","(41.35375, -5.768549999999999)"
77,"San Juan, Argentina","(-31.5351074, -68.5385941)"
78,"Adelaide Hills, Australia","(-34.9062557, 138.8397403)"
79,"Sonoma Mountain, USA","(38.3229698, -122.5749837)"
80,"Amador County, USA","(38.3488921, -120.7740931)"
81,"Luján de Cuyo, Argentina","(-32.9980559, -68.8726145)"
82,"St. Helena, USA","(38.5052429, -122.4703868)"
83,"Cole Ranch, USA","(31.4628513, -100.4362344)"
84,"Coastal Region, South Africa","(39.495304, -74.458158)"
85,"Mendoza Province, Argentina","(-32.8896247, -68.8526867)"
86,"Santa Maria Valley, USA","(34.9530337, -120.4357191)"
87,"Torgiano, Italy","(43.043267, 12.4495221)"
88,"Veneto, Italy","(45.4414662, 12.3152595)"
89,"Leithaberg, Austria","(47.9666667, 16.6666667)"
90,"Colli Orientali del Friuli, Italy","(46.00007040000001, 13.4384359)"
91,"Santorini, Greece","(36.3931562, 25.4615092)"
92,"Uco Valley, Argentina","(-33.5887245, -69.02493009999999)"
93,"Monferrato, Italy","(44.8175587, 8.7046627)"
94,"Sonoma County, USA","(38.5779555, -122.9888319)"
95,"Kremstal, Austria","(47.9271368, 14.080665)"
96,"Toscana, Italy","(43.7710513, 11.2486208)"
97,"Dundee Hills, USA","(45.2762108, -123.0124765)"
98,"Perdriel, Argentina","(-33.0764292, -68.8868944)"
99,"Arroyo Grande Valley, USA","(35.1185868, -120.5907252)"
100,"Montsant, Spain","(41.292953, 0.7978029999999999)"
101,"Saint-Estèphe, France","(45.2648099, -0.7717824)"
102,"Sagrantino di Montefalco, Italy","(42.8934918, 12.6529761)"
103,"Arbois, France","(46.902851, 5.772342)"
104,"Barossa Valley, Australia","(-34.5333333, 138.95)"
105,"Tupungato, Argentina","(-33.3728036, -69.1475583)"
106,"Langhe, Italy","(41.9176306, -87.6982833)"
107,"Columbia Valley (WA), USA","(48.9220655, -122.1390398)"
108,"Roero, Italy","(44.77926919999999, 7.9384998)"
109,"Barbera d'Asti Superiore Nizza, Italy","(41.6597893, -91.53151129999999)"
110,"Mendocino County, USA","(39.5500194, -123.438353)"
111,"Recas, Romania","(45.8011607, 21.5119138)"
112,"Côte de Nuits-Villages, France","(47.180179, 4.959953)"
113,"Hawke's Bay, New Zealand","(-39.6016597, 176.5804473)"
114,"Curicó Valley, Chile","(-34.9859489, -71.2417746)"
115,"Prosecco di Valdobbiadene, Italy","(45.8970553, 12.0118446)"
116,"Prosecco di Conegliano, Italy","(45.8866391, 12.309513)"
117,"Limarí Valley, Chile","(-30.7462002, -71.0022311)"
118,"Knights Valley, USA","(38.6351857, -122.6941543)"
119,"Rapel Valley, Chile","(-33.9444044, -71.7375831)"
120,"Barossa, Australia","(-34.5333333, 138.95)"
121,"Tokaji, Hungary","(48.1172148, 21.4089015)"
122,"Rheingau, Germany","(50.1891679, 8.1104164)"
123,"Bianco di Custoza, Italy","(45.3729347, 10.7962865)"
124,"Soave, Italy","(45.4544384, 11.2358335)"
125,"Collio, Italy","(45.95575729999999, 13.4675302)"
126,"Naoussa, Greece","(37.1235743, 25.238722)"
127,"Trentino, Italy","(46.0512004, 11.1175392)"
128,"Valdadige, Italy","(46.0714742, 11.1159792)"
129,"Rutherford, USA","(40.826489, -74.10680909999999)"
130,"Central Valley, Chile","(-34.4590092, -70.9548219)"
131,"Lontué Valley, Chile","(-35.0567954, -71.26886019999999)"
132,"California, USA","(36.778261, -119.4179324)"
133,"Prosecco di Conegliano e Valdobbiadene, Italy","(45.8970553, 12.0118446)"
134,"Prosecco del Veneto, Italy","(45.44390079999999, 12.3275619)"
135,"Burgenland, Austria","(47.15371649999999, 16.2688797)"
136,"Graves, France","(35.5149671, -97.52933329999999)"
137,"Rioja, Spain","(42.2870733, -2.539603)"
138,"North Fork of Long Island, USA","(40.9445753, -72.626999)"
139,"Bierzo, Spain","(42.59219239999999, -6.663812)"
140,"Franciacorta, Italy","(40.770919, -96.62353689999999)"
141,"Meursault, France","(46.97822499999999, 4.768746)"
142,"Niagara-On-The-Lake, Canada","(43.2549988, -79.0772616)"
143,"Carneros, USA","(38.25552, -122.3513889)"
144,"Ribbon Ridge, USA","(45.3596594, -123.094848)"
145,"Champagne, France","(48.9168895, 4.151432499999999)"
146,"Rheinhessen, Germany","(49.8935328, 8.0850303)"
147,"Amarone della Valpolicella, Italy","(45.5161992, 10.8747131)"
148,"Mosel, Germany","(49.1671789, 6.2118023)"
149,"Chambolle-Musigny, France","(47.185496, 4.952888)"
150,"Alentejano, Portugal","(38.2003808, -7.800084999999998)"
151,"Pomerol, France","(44.9298292, -0.2010233)"
152,"Cannonau di Sardegna, Italy","(40.1208752, 9.012892599999999)"
153,"Red Mountain, USA","(37.901662, -107.7025)"
154,"Isola dei Nuraghi, Italy","(33.3483333, -111.9088889)"
155,"Sta. Rita Hills, USA","(34.66595650000001, -120.1152408)"
156,"Western Cape, South Africa","(-33.2277918, 21.8568586)"
157,"Côtes du Rhône Villages, France","(43.946168, 4.8074198)"
158,"Friuli Grave, Italy","(33.533329, -117.7759554)"
159,"Walla Walla Valley (WA), USA","(46.0359675, -118.7691582)"
160,"El Dorado, USA","(33.20763, -92.6662674)"
161,"Rueda, Spain","(41.4108743, -4.9597661)"
162,"Suisun Valley, USA","(38.2382474, -122.040244)"
163,"Côtes de Provence, France","(43.4827707, 5.6238383)"
164,"Lodi, USA","(38.1341477, -121.2722194)"
165,"Côtes du Rhône, France","(43.946168, 4.8074198)"
166,"Venezia Giulia, Italy","(46.2259177, 13.1033646)"
167,"Wahluke Slope, USA","(46.7498928, -119.8342096)"
168,"Yakima Valley, USA","(46.3289058, -120.0086385)"
169,"Oregon, USA","(43.8041334, -120.5542012)"
170,"Alto Adige Valle Isarco, Italy","(46.75, 11.6166667)"
171,"Ballard Canyon, USA","(34.6354195, -120.1479918)"
172,"Howell Mountain, USA","(38.58139, -122.45)"
173,"Gavi, Italy","(44.6880915, 8.8037472)"
174,"Valle de Guadalupe, Mexico","(32.0956281, -116.572572)"
175,"Oak Knoll District, USA","(38.35833, -122.33389)"
176,"Rogue Valley, USA","(42.4401246, -122.9261546)"
177,"Chehalem Mountains, USA","(45.3762277, -123.037326)"
178,"Northern Sonoma, USA","(38.291859, -122.4580356)"
179,"Vinho Verde, Portugal","(36.1426328, -95.9874791)"
180,"Soave Classico, Italy","(32.2233621, -110.9697106)"
181,"Conegliano Valdobbiadene Prosecco Superiore, Italy","(40.6967986, -73.9678491)"
182,"Edna Valley, USA","(35.2170004, -120.6075179)"
183,"Idaho, USA","(44.0682019, -114.7420408)"
184,"Gambellara Classico, Italy","(45.4570776, 11.3419557)"
185,"Mount Veeder, USA","(38.3793566, -122.4477575)"
186,"Valencia, Spain","(39.4699075, -0.3762881)"
187,"Cortona, Italy","(43.27506340000001, 11.98512)"
188,"Piemonte, Italy","(45.0522366, 7.5153885)"
189,"Colli della Toscana Centrale, Italy","(44.0794258, 10.3311955)"
190,"Horse Heaven Hills, USA","(46.0998556, -119.5361361)"
191,"Santa Cruz Mountains, USA","(37.1108921, -121.8448906)"
192,"Livermore Valley, USA","(37.6818688, -121.7684732)"
193,"Central Otago, New Zealand","(-44.9566315, 169.3988451)"
194,"Valle de Uco, Argentina","(-33.591622, -69.025249)"
195,"Barbaresco, Italy","(44.7232618, 8.0835572)"
196,"Temecula Valley, USA","(33.4936391, -117.1483648)"
197,"Tasmania, Australia","(-41.4545196, 145.9706647)"
198,"Cariñena, Spain","(41.3370805, -1.2241497)"
199,"South Eastern Australia, Australia","(-33.8544884, 150.7642661)"
200,"Aglianico del Vulture, Italy","(40.929676, 15.6750242)"
201,"Green Valley, USA","(31.8542511, -110.9937019)"
202,"Vin Santo del Chianti Classico, Italy","(38.3446812, -122.3264735)"
203,"Trento, Italy","(46.0747793, 11.1217486)"
204,"Médoc, France","(44.556862, -0.038418)"
205,"Margaux, France","(45.042035, -0.677519)"
206,"Vino de la Tierra de Castilla, Spain","(37.7746773, -122.391388)"
207,"Rosso di Montalcino, Italy","(43.0596503, 11.4897959)"
208,"Nebbiolo d'Alba, Italy","(40.71083400000001, -74.00761109999999)"
209,"Spring Mountain District, USA","(38.5244649, -122.5512918)"
210,"Priorat, Spain","(41.23797829999999, 0.7913226999999999)"
211,"Bolgheri Superiore, Italy","(43.2336764, 10.6170139)"
212,"Los Carneros, USA","(34.4417708, -119.8487934)"
213,"Minervois, France","(43.3270136, 2.528199400000001)"
214,"Vista Flores, Argentina","(-33.6509809, -69.1558647)"
215,"Lugana, Italy","(40.7366181, -96.702698)"
216,"Primitivo di Manduria, Italy","(38.6629386, -90.6200094)"
217,"Bardolino Classico, Italy","(45.53482839999999, 10.7365305)"
218,"Amarone della Valpolicella Classico, Italy","(45.562197, 10.927739)"
219,"Piave, Italy","(46.1349922, 12.227916)"
220,"Dealu Mare, Romania","(45.1638854, 25.4474606)"
221,"Port, Portugal","(41.1579438, -8.629105299999999)"
222,"Gaillac, France","(43.9018159, 1.896506)"
223,"Sancerre, France","(47.329583, 2.839867)"
224,"Montravel, France","(44.859834, 0.052954)"
225,"Quincy, France","(47.13223499999999, 2.156712)"
226,"Eola-Amity Hills, USA","(45.1312282, -123.1637138)"
227,"Pouilly-Fumé, France","(47.2833676, 2.9564911)"
228,"Coonawarra, Australia","(-37.28746, 140.8553875)"
229,"Happy Canyon of Santa Barbara, USA","(34.4206415, -119.6994278)"
230,"Valdeorras, Spain","(42.3788608, -6.9638624)"
231,"Terre Siciliane, Italy","(47.203761, -121.988688)"
232,"Walla Walla Valley (OR), USA","(46.0650436, -118.3395156)"
233,"Niederösterreich, Austria","(48.10807699999999, 15.8049558)"
234,"Isonzo del Friuli, Italy","(45.8950312, 12.5991658)"
235,"Rías Baixas, Spain","(42.4270967, -8.814226399999999)"
236,"Delle Venezie, Italy","(45.92950219999999, 11.5621417)"
237,"Monbazillac, France","(44.793529, 0.492161)"
238,"Patrimonio, France","(42.706531, 9.369553999999999)"
239,"Darling, South Africa","(-33.375584, 18.3860652)"
240,"Costières de Nîmes, France","(43.774556, 4.3667907)"
241,"Yolo County, USA","(38.7646021, -121.9017954)"
242,"Cava, Spain","(25.7644748, -80.2583008)"
243,"Rosso di Montepulciano, Italy","(43.09045649999999, 11.7810898)"
244,"Gers, France","(43.6366479, 0.4502368)"
245,"Crémant de Jura, France","(46.718922, 5.52781)"
246,"Südoststeiermark, Austria","(46.8885229, 15.8936247)"
247,"Clare Valley, Australia","(-33.8335699, 138.61)"
248,"Corinth, Greece","(37.9386365, 22.9322383)"
249,"Halkidiki, Greece","(40.3694997, 23.287085)"
250,"Napa-Sonoma, USA","(38.291859, -122.4580356)"
251,"Bordeaux, France","(44.837789, -0.57918)"
252,"Montagne-Saint-Émilion, France","(44.93028530000001, -0.1301373)"
253,"Robertson, South Africa","(-33.8020653, 19.8875431)"
254,"Pfalz, Germany","(49.48221160000001, 7.860948100000001)"
255,"Washington, USA","(47.7510741, -120.7401385)"
256,"La Mancha, Spain","(39.2795607, -3.097702)"
257,"Contra Costa County, USA","(37.8534093, -121.9017954)"
258,"Dan, Israel","(40.76045879999999, -73.9706324)"
259,"Michigan, USA","(44.3148443, -85.60236429999999)"
260,"Uclés, Spain","(39.9799887, -2.8633215)"
261,"New York, USA","(40.7127753, -74.0059728)"
262,"Mâcon-Villages, France","(46.3068839, 4.828730999999999)"
263,"Stags Leap District, USA","(38.4141825, -122.3213126)"
264,"Fair Play, USA","(37.6321682, -93.5761735)"
265,"Penedès, Spain","(41.3312228, 1.6769057)"
266,"Salento, Italy","(40.42336419999999, 17.9531836)"
267,"Sannio, Italy","(41.06121650000001, 14.8511356)"
268,"Bordeaux Supérieur, France","(26.4109214, -80.1226195)"
269,"Haut-Médoc, France","(37.6868194, -97.2812611)"
270,"Bordeaux Rosé, France","(44.8520598, -0.5727941)"
271,"Pennsylvania, USA","(41.2033216, -77.1945247)"
272,"Sierra Foothills, USA","(38.2692123, -119.574224)"
273,"Les Baux de Provence, France","(43.743887, 4.795495000000001)"
274,"Shenandoah Valley (CA), USA","(38.5348836, -120.792458)"
275,"Southern Oregon, USA","(42.7976791, -122.4332992)"
276,"Swartland, South Africa","(-33.3306832, 18.7125791)"
277,"Old Mission Peninsula, USA","(44.9622231, -85.485356)"
278,"Dão, Portugal","(40.51800009999999, -7.9735483)"
279,"Bandol, France","(43.136418, 5.754186)"
280,"Coombsville, USA","(38.2971707, -122.2864459)"
281,"Coteaux d'Aix-en-Provence, France","(43.615923, 5.378032)"
282,"Wachau, Austria","(48.3896089, 15.4748897)"
283,"Wagram-Donauland, Austria","(38.8039942, -77.05820070000001)"
284,"Madiran, France","(43.549639, -0.057621)"
285,"Montefalco Rosso, Italy","(42.88929359999999, 12.6502843)"
286,"Rio Claro, Chile","(-35.2808267, -71.25995069999999)"
287,"Menetou-Salon, France","(47.2320769, 2.488352)"
288,"Villány, Hungary","(45.87003989999999, 18.453201)"
289,"Umbria, Italy","(42.938004, 12.6216211)"
290,"Calchaquí Valley, Argentina","(42.5361111, -92.4452778)"
291,"Cachapoal Valley, Chile","(-34.1718313, -70.6216794)"
292,"Kamptal, Austria","(48.585085, 15.4126618)"
293,"Faro, Italy","(45.8261322, 9.1004717)"
294,"Chénas, France","(46.212457, 4.719626)"
295,"Jurançon, France","(43.287723, -0.390892)"
296,"Bolgheri Sassicaia, Italy","(43.2336764, 10.6170139)"
297,"Pessac-Léognan, France","(44.8356039, -0.6903528999999999)"
298,"Saint-Julien, France","(46.02602599999999, 4.653080999999999)"
299,"Pauillac, France","(45.199585, -0.746212)"
300,"Oakville, USA","(38.4366996, -122.402785)"
301,"Lalande de Pomerol, France","(44.955821, -0.210858)"
302,"Delia Nivolelli, Italy","(None, None)"
303,"Cadillac Côtes de Bordeaux, France","(44.6330907, -0.315478)"
304,"Gattinara, Italy","(45.6139525, 8.3715171)"
305,"Applegate Valley, USA","(42.2570662, -123.1683833)"
306,"Châteauneuf-du-Pape, France","(44.056556, 4.831281000000001)"
307,"Hermitage, France","(45.0725937, 4.847700700000001)"
308,"Traisental, Austria","(48.1408597, 15.6385231)"
309,"Maremma, Italy","(42.6413647, 11.0861614)"
310,"Umpqua Valley, USA","(43.6474017, -123.8468812)"
311,"Galilee, Israel","(32.8244321, 35.5879975)"
312,"Bairrada, Portugal","(40.4601671, -8.4556658)"
313,"Negev Hills, Israel","(30.7140861, 34.8757476)"
314,"Margaret River, Australia","(-33.950922, 115.0737979)"
315,"San Benito County, USA","(36.5760883, -120.9876321)"
316,"Ribatejano, Portugal","(39.0324461, -8.6270628)"
317,"Catalunya, Spain","(41.5911589, 1.5208624)"
318,"Ribeiro, Spain","(42.2985501, -8.1775638)"
319,"Sauternes, France","(44.531032, -0.343268)"
320,"San Luis Obispo County, USA","(35.3102296, -120.4357631)"
321,"Bolgheri, Italy","(43.2336764, 10.6170139)"
322,"Columbia Gorge (WA), USA","(47.4537758, -120.3251007)"
323,"Blaye Côtes de Bordeaux, France","(44.86842799999999, -0.5553418999999999)"
324,"Alicante, Spain","(38.3459963, -0.4906855)"
325,"Leelanau Peninsula, USA","(45.2083328, -85.5417523)"
326,"Calatayud, Spain","(41.3531678, -1.6468455)"
327,"Calaveras County, USA","(38.1960477, -120.6805037)"
328,"Coteaux du Languedoc, France","(43.5747967, 3.4923334)"
329,"Beiras, Portugal","(43.6760776, -79.4556356)"
330,"Langhorne Creek, Australia","(-35.29625559999999, 139.038277)"
331,"Falerno del Massico, Italy","(41.8814741, -87.6246755)"
332,"Greco di Tufo, Italy","(41.0103664, 14.8197596)"
333,"Yarra Valley, Australia","(40.7171441, -74.0441337)"
334,"Fiano di Avellino, Italy","(40.9232653, 14.8318223)"
335,"Vi de la Terra Illes Balears, Spain","(39.5779028, 2.6518509)"
336,"Murgia, Italy","(40.976111, 16.406111)"
337,"Österreichischer Sekt, Austria","(48.198982, 16.3787714)"
338,"Santa Barbara, USA","(34.4208305, -119.6981901)"
339,"Côtes de Bourg, France","(40.7559064, -73.9673248)"
340,"Barbera d'Asti Superiore, Italy","(41.6597893, -91.53151129999999)"
341,"Upper Galilee, Israel","(33.1639839, 35.6314191)"
342,"Leyda Valley, Chile","(-33.61077240000001, -71.4572075)"
343,"Saint-Georges-Saint-Émilion, France","(44.9232085, -0.1353638)"
344,"Vermentino di Sardegna, Italy","(40.8047386, 9.3217278)"
345,"Chiroubles, France","(46.180983, 4.665474)"
346,"Bergerac Sec, France","(44.853806, 0.483392)"
347,"Morgon, France","(46.143967, 4.6782106)"
348,"Jumilla, Spain","(38.4763532, -1.3221865)"
349,"Virginia's Eastern Shore, USA","(37.5397721, -75.8229685)"
350,"Tejo, Portugal","(39.7528442, -5.253228399999999)"
351,"Fronsac, France","(44.924318, -0.2712629)"
352,"Colli Trevigiani, Italy","(None, None)"
353,"Columbia Valley (OR), USA","(48.9220655, -122.1390398)"
354,"Listrac-Médoc, France","(45.073918, -0.793207)"
355,"Epanomi, Greece","(40.4289764, 22.9304174)"
356,"Lussac Saint-Émilion, France","(44.949033, -0.096263)"
357,"Barbera d'Asti, Italy","(40.7366181, -96.702698)"
358,"Nemea, Greece","(37.82133, 22.660998)"
359,"Recioto di Soave, Italy","(45.4215109, 11.2490908)"
360,"Santenay, France","(46.912833, 4.696534)"
361,"Santa Clara Valley, USA","(37.2488478, -121.8399593)"
362,"Gevrey-Chambertin, France","(47.225962, 4.968738999999999)"
363,"Puligny-Montrachet, France","(46.945092, 4.753296)"
364,"Ruché di Castagnole Monferrato, Italy","(44.9624895, 8.304856400000002)"
365,"Valtellina Superiore, Italy","(43.1558415, -77.6043363)"
366,"Oltrepò Pavese, Italy","(44.979406, 9.209409599999999)"
367,"Red Hills Lake County, USA","(38.915595, -122.7566221)"
368,"Moravia, Czech Republic","(49.1950982, 16.6067304)"
369,"Toro, Spain","(41.4540325, -5.414900299999999)"
370,"Slovenia, Slovenia","(46.151241, 14.995463)"
371,"Moulis-en-Médoc, France","(45.06023700000001, -0.7675419)"
372,"Pemberton, Australia","(-34.4446109, 116.0372786)"
373,"Côtes de Bordeaux, France","(44.8404786, -0.5706375)"
374,"South Coast, USA","(33.69100299999999, -117.8889767)"
375,"Sonoma County-Napa County, USA","(38.291859, -122.4580356)"
376,"Mercurey, France","(46.833678, 4.721636999999999)"
377,"Givry, France","(46.78307, 4.742662999999999)"
378,"Buzet, France","(44.258058, 0.298192)"
379,"Juliénas, France","(46.235505, 4.709970999999999)"
380,"Valpolicella Classico Superiore Ripasso, Italy","(40.774632, -73.9805677)"
381,"America, USA","(37.09024, -95.712891)"
382,"Terra degli Osci, Italy","(33.8896535, -117.8156045)"
383,"Beaujolais Rosé, France","(37.8749361, -122.2938006)"
384,"Lambrusco di Modena, Italy","(44.6510984, 10.8586364)"
385,"Montefalco Sagrantino, Italy","(42.88929359999999, 12.6502843)"
386,"Lazio, Italy","(41.6552418, 12.989615)"
387,"Chalk Hill, USA","(39.8441427, -79.616648)"
388,"Chorey-lès-Beaune, France","(47.048887, 4.86904)"
389,"Panciu, Romania","(45.9081087, 27.0905428)"
390,"Marche, Italy","(43.5058744, 12.989615)"
391,"Vin de France, France","(46.9529122, -0.6000291)"
392,"Yountville, USA","(38.40157809999999, -122.3608105)"
393,"Cerasuolo di Vittoria Classico, Italy","(40.7288417, -74.0016444)"
394,"Frankland River, Australia","(-34.3571839, 117.0186215)"
395,"Geographe, Australia","(-33.6376254, 115.3765118)"
396,"Western Australia, Australia","(-27.6728168, 121.6283098)"
397,"Niagara Peninsula, Canada","(43.0808496, -79.1666113)"
398,"Molise, Italy","(41.67388649999999, 14.7520939)"
399,"New Jersey, USA","(40.0583238, -74.4056612)"
400,"Hudson River Region, USA","(42.3788592, -73.7983898)"
401,"Maury Sec, France","(42.811253, 2.593028)"
402,"Côtes du Roussillon Villages Caramany, France","(42.738113, 2.568758)"
403,"Irrouléguy, France","(None, None)"
404,"Mendocino Ridge, USA","(38.8618511, -123.433342)"
405,"Redwood Valley, USA","(39.2652491, -123.2041429)"
406,"Friuli Aquileia, Italy","(45.76816909999999, 13.3687199)"
407,"Cucamonga Valley, USA","(34.0192133, -117.6279752)"
408,"Dunnigan Hills, USA","(38.794346, -121.9552466)"
409,"Portuguese Table Wine, Portugal","(29.5584298, -81.2147627)"
410,"Ile de Beauté, France","(46.4798358, 3.9817055)"
411,"Pays d'Oc, France","(43.5711623, 3.876701599999999)"
412,"Chianti Montespertoli, Italy","(43.64509169999999, 11.080075)"
413,"Anjou Villages Brissac, France","(47.3520619, -0.4569136999999999)"
414,"Fiddletown, USA","(38.5039105, -120.7565689)"
415,"Bonnezeaux, France","(47.276972, -0.485391)"
416,"Bourgogne Hautes Côtes de Nuits, France","(47.1374979, 4.9504852)"
417,"Maranges, France","(46.895502, 4.669665999999999)"
418,"Augusta, USA","(33.4734978, -82.0105148)"
419,"Saint-Bris, France","(47.744005, 3.647396)"
420,"Texas, USA","(31.9685988, -99.9018131)"
421,"New Mexico, USA","(34.5199402, -105.8700901)"
422,"Nevada, USA","(38.8026097, -116.419389)"
423,"Adelaide Plains, Australia","(-34.4471534, 138.4387577)"
424,"Bennett Valley, USA","(38.4404672, -122.6766527)"
425,"Lessona, Italy","(45.58773290000001, 8.1925447)"
426,"Boca, Italy","(45.6855033, 8.4002122)"
427,"Weinviertel, Austria","(40.0192049, -105.2724745)"
428,"Lisboa, Portugal","(38.7222524, -9.1393366)"
429,"Charmes-Chambertin, France","(47.225962, 4.968738999999999)"
430,"Clos de Vougeot, France","(47.1748138, 4.955246)"
431,"Beaune, France","(47.02603000000001, 4.840004)"
432,"Valpolicella Superiore, Italy","(45.5205517, 10.8869911)"
433,"Peumo, Chile","(-34.3921609, -71.1667306)"
434,"Valpolicella Classico Superiore, Italy","(42.364028, -71.055697)"
435,"Südsteiermark, Austria","(46.7754628, 15.5480548)"
436,"Alto Valle del Río Negro, Argentina","(-38.9795565, -67.8280886)"
437,"Prosecco, Italy","(45.7039135, 13.7343214)"
438,"Sonoma-Napa, USA","(38.291859, -122.4580356)"
439,"Paicines, USA","(36.7289127, -121.2788708)"
440,"Colline Pescaresi, Italy","(40.7624381, -73.9772014)"
441,"Sangiovese di Romagna Superiore, Italy","(44.0377762, 11.9948152)"
442,"Thermenregion, Austria","(37.2869611, -121.9430083)"
443,"San Antonio, Chile","(-33.5922807, -71.6055123)"
444,"Empordà, Spain","(42.2755267, 3.0175712)"
445,"Chianti, Italy","(43.5830644, 11.3186815)"
446,"Bucelas, Portugal","(38.9007616, -9.118191699999999)"
447,"Estremadura, Portugal","(39.425684, -8.975415)"
448,"Salice Salentino, Italy","(40.385073, 17.9652521)"
449,"Canterbury, New Zealand","(-43.7542275, 171.1637245)"
450,"Pouilly-Fuissé, France","(None, None)"
451,"Mâcon-Chardonnay, France","(39.7207869, -104.9555716)"
452,"Seneca Lake, USA","(42.6918497, -76.92019200000001)"
453,"Ladoix, France","(47.0740037, 4.8809064)"
454,"Thrace, Turkey","(34.1416168, -118.1485832)"
455,"Viré-Clessé, France","(46.4489132, 4.8490114)"
456,"Mâcon-Fuissé, France","(46.280354, 4.742589)"
457,"Saint-Véran, France","(44.700836, 6.868570999999999)"
458,"Yorkville Highlands, USA","(38.907951, -123.2302909)"
459,"Muscadet Sèvre et Maine, France","(37.8749361, -122.2938006)"
460,"Drama, Greece","(41.1502273, 24.1469489)"
461,"Veneto Orientale, Italy","(45.4414662, 12.3152595)"
462,"Vin de Pays des Cévennes, France","(44.4317226, 3.7027594)"
463,"Luberon, France","(43.796111, 5.223889)"
464,"Ella Valley, Israel","(31.6806252, 34.9891247)"
465,"Taurasi, Italy","(41.0125228, 14.9680914)"
466,"Carnuntum, Austria","(48.1129002, 16.8650784)"
467,"Faugères, France","(43.5655659, 3.188741)"
468,"Crémant de Limoux, France","(43.0522933, 2.2226706)"
469,"Minho, Portugal","(42.346384, -8.0043039)"
470,"Piedmont, Italy","(45.0522366, 7.5153885)"
471,"Campo de Borja, Spain","(41.8311685, -1.443469)"
472,"Crémant de Bourgogne, France","(37.7746773, -122.391388)"
473,"Valdobbiadene Prosecco Superiore, Italy","(45.9012514, 11.9958811)"
474,"Irpinia, Italy","(40.996451, 15.1258955)"
475,"Württemberg, Germany","(49.00136089999999, 9.584517199999999)"
476,"Baden, Germany","(48.6616037, 9.3501336)"
477,"Basilicata, Italy","(40.6430766, 15.9699878)"
478,"Middleburg, USA","(38.9687211, -77.7355496)"
479,"Côtes du Marmandais, France","(42.3733197, -71.09501569999999)"
480,"Coteaux du Layon, France","(47.31684310000001, -0.6202728)"
481,"Cornas, France","(44.963733, 4.847392)"
482,"Chalone, USA","(36.4701378, -121.2298315)"
483,"Savennières, France","(47.383101, -0.656999)"
484,"Ventoux, France","(44.1740851, 5.2786797)"
485,"Taburno, Italy","(41.10833299999999, 14.608333)"
486,"Chinon, France","(47.167296, 0.240385)"
487,"Sebino, Italy","(45.721871, 10.0670398)"
488,"Vouvray, France","(47.412068, 0.799248)"
489,"Columbia Gorge (OR), USA","(47.4537758, -120.3251007)"
490,"Trebbiano d'Abruzzo, Italy","(42.3358598, 14.0403775)"
491,"Terra Alta, Spain","(41.07922569999999, 0.3371889)"
492,"Victoria, Australia","(-37.4713077, 144.7851531)"
493,"Valdepeñas, Spain","(38.7605618, -3.3876655)"
494,"Yecla, Spain","(38.6122134, -1.110112)"
495,"Vin Santo del Chianti, Italy","(39.753193, -105.0017104)"
496,"Fleurie, France","(46.192646, 4.6974557)"
497,"Vosne-Romanée, France","(47.159051, 4.954572)"
498,"Nuits-St.-Georges, France","(47.137985, 4.9503199)"
499,"Recioto della Valpolicella Classico, Italy","(45.5205517, 10.8869911)"
500,"Gavi di Gavi, Italy","(44.6880915, 8.8037472)"
501,"Barbera d'Alba Superiore, Italy","(35.7752778, -78.64472219999999)"
502,"Dolcetto d'Alba, Italy","(44.70179659999999, 8.0355889)"
503,"Roero Arneis, Italy","(37.7746773, -122.391388)"
504,"Dolcetto di Dogliani, Italy","(37.7934333, -122.3993139)"
505,"Neuquén, Argentina","(-38.9516784, -68.0591888)"
506,"Moscato d'Asti, Italy","(44.7241163, 8.1888115)"
507,"Istria, Croatia","(45.1286455, 13.901542)"
508,"Peljesac, Croatia","(42.8652771, 17.5505152)"
509,"Maremma Toscana, Italy","(43.13439140000001, 11.0111351)"
510,"England, England","(52.3555177, -1.1743197)"
511,"Alta Langa, Italy","(37.68572080000001, -97.335374)"
512,"El Dorado County, USA","(38.74263759999999, -120.4357631)"
513,"Napa County, USA","(38.5024689, -122.2653887)"
514,"nan, nan","(40.6380915, -74.0873074)"
515,"Marin County, USA","(38.083403, -122.7633036)"
516,"Barsac, France","(44.607906, -0.317094)"
517,"Conero, Italy","(43.55, 13.6)"
518,"Menfi, Italy","(37.6198182, 12.9665821)"
519,"Río Negro Valley, Argentina","(40.7206602, -73.9853885)"
520,"Pernand-Vergelesses, France","(47.084575, 4.851313)"
521,"Málaga, Spain","(36.7211784, -4.421719899999999)"
522,"Saint-Joseph, France","(45.557578, 4.620758)"
523,"Vin de Pays Var, France","(43.3937706, 6.0407342)"
524,"Spain, Spain","(40.46366700000001, -3.74922)"
525,"Frascati Superiore, Italy","(41.83390199999999, 12.689864)"
526,"Quarts de Chaume, France","(None, None)"
527,"Bordeaux Clairet, France","(44.754501, -0.487497)"
528,"Colli Aprutini, Italy","(41.9385388, -87.6445289)"
529,"Montepulciano d'Abruzzo Colline Teramane, Italy","(42.85169760000001, 13.8363096)"
530,"Valpolicella Superiore Ripasso, Italy","(45.5205517, 10.8869911)"
531,"Valpolicella Ripasso, Italy","(45.5205517, 10.8869911)"
532,"Paarl, South Africa","(-33.7342304, 18.9621091)"
533,"Weinland Österreich, Austria","(48.19364150000001, 16.3776833)"
534,"Mantinia, Greece","(37.616667, 22.383333)"
535,"Forlì, Italy","(44.2227398, 12.0407312)"
536,"Colli Martani, Italy","(41.8977726, -87.62239799999999)"
537,"Monterey, USA","(36.6002378, -121.8946761)"
538,"Monterey County, USA","(36.3136201, -121.3541631)"
539,"Cienega Valley, USA","(34.10410299999999, -117.8295669)"
540,"Temecula, USA","(33.4936391, -117.1483648)"
541,"Vino Spumante, Italy","(41.4239668, -81.47826429999999)"
542,"Lebanon, Lebanon","(33.854721, 35.862285)"
543,"Ghemme, Italy","(45.5958705, 8.4228612)"
544,"Carignano del Sulcis, Italy","(39.1079356, 8.6906307)"
545,"Setubal, Portugal","(38.5260437, -8.8909328)"
546,"Anjou, France","(32.44262320000001, -90.152997)"
547,"Pécharmant, France","(44.86747099999999, 0.520136)"
548,"Minervois La Liviniere, France","(43.315257, 2.637515)"
549,"Corbières, France","(43.054859, 1.997267)"
550,"Elqui Valley, Chile","(-29.8294614, -70.81199529999999)"
551,"Mosel-Saar-Ruwer, Germany","(49.6898647, 6.728924900000001)"
552,"Grand Valley, USA","(41.721658, -79.5402853)"
553,"Pocerina, Serbia","(44.7488538, 19.5691588)"
554,"Clarendon, Australia","(-35.1054491, 138.6297435)"
555,"Kumeu, New Zealand","(-36.77668980000001, 174.5571044)"
556,"Côtes du Jura, France","(46.7596754, 5.542381799999999)"
557,"Trás-os-Montes, Portugal","(41.28738, -7.7389388)"
558,"Shomron, Israel","(32.422877, 35.3027226)"
559,"Corton Les Renardes, France","(47.135299, 4.95819)"
560,"Chassagne-Montrachet, France","(46.937992, 4.729560999999999)"
561,"Aloxe-Corton, France","(47.065692, 4.85994)"
562,"Rapsani, Greece","(39.9019286, 22.5478028)"
563,"Rosso Conero, Italy","(40.7624381, -73.9772014)"
564,"Falerio, Italy","(43.1056819, 13.4702613)"
565,"Rosso Piceno, Italy","(37.7825768, -122.4079816)"
566,"Vienna, Austria","(48.2081743, 16.3738189)"
567,"Hunter Valley, Australia","(-32.1932173, 151.700565)"
568,"La Rioja, Argentina","(-29.4193793, -66.8559932)"
569,"Central Ranges, Australia","(26.1494714, -80.3197003)"
570,"La Consulta, Argentina","(-33.7339291, -69.1199066)"
571,"Coteaux Varois, France","(43.3937706, 6.0407342)"
572,"Nelson, New Zealand","(-41.2985321, 173.2443635)"
573,"Constantia, South Africa","(-34.0257608, 18.4230789)"
574,"Val di Cornia Suvereto, Italy","(43.0721649, 10.7113162)"
575,"Martinborough, New Zealand","(-41.2185335, 175.459548)"
576,"Vin de Pays du Val de Loire, France","(47.4829946, -0.5418098)"
577,"Cochise County, USA","(31.82845799999999, -109.949686)"
578,"Vino de la Tierra Altiplano de Sierra Nevada, Spain","(37.174976, -3.60899)"
579,"Península de Setúbal, Portugal","(38.5710163, -8.9000125)"
580,"Tokaj, Hungary","(48.1172148, 21.4089015)"
581,"Patagonia, Argentina","(-41.8101472, -68.9062689)"
582,"Potter Valley, USA","(39.3221089, -123.113059)"
583,"Friuli, Italy","(46.2259177, 13.1033646)"
584,"Pine Mountain-Cloverdale Peak, USA","(38.80646429999999, -123.0183508)"
585,"Agrelo, Argentina","(-33.1194013, -68.8868944)"
586,"Verdicchio dei Castelli di Jesi Classico Superiore, Italy","(40.7445722, -73.9894704)"
587,"Custoza Superiore, Italy","(45.3729347, 10.7962865)"
588,"Veronese, Italy","(45.43838419999999, 10.9916215)"
589,"Nahe, Germany","(49.765243, 7.443732399999999)"
590,"Eden Valley, Australia","(-34.6546423, 139.1009757)"
591,"Val di Neto, Italy","(39.1386344, 17.0913205)"
592,"San Antonio Valley, USA","(37.3917578, -121.4903848)"
593,"Bourgogne, France","(47.0525047, 4.3837215)"
594,"Sierra Pelona Valley, USA","(34.5438888, -118.2322222)"
595,"Famatina Valley, Argentina","(-28.9255089, -67.52026049999999)"
596,"Bâtard-Montrachet, France","(46.9447262, 4.7539865)"
597,"Chevalier-Montrachet, France","(46.9447262, 4.7539865)"
598,"Atlas Peak, USA","(38.3194892, -122.2559041)"
599,"Puisseguin Saint-Émilion, France","(44.925099, -0.074307)"
600,"Peloponnese, Greece","(37.5079472, 22.37349)"
601,"Asprinio di Aversa, Italy","(40.9684091, 14.1899113)"
602,"Orvieto Classico, Italy","(33.3483333, -111.9088889)"
603,"Orcia, Italy","(43.055325, 11.6987712)"
604,"Chianti Rufina, Italy","(43.7983982, 11.4683869)"
605,"Chiles Valley, USA","(38.5329633, -122.3271994)"
606,"Pyrenees, Australia","(-37.3879637, 143.4770359)"
607,"High Valley, USA","(44.239058, -116.1434644)"
608,"Mt. Harlan, USA","(36.6974604, -121.405214)"
609,"Argentina, Argentina","(-38.416097, -63.61667199999999)"
610,"Vin de Pays d'Oc, France","(43.5711623, 3.876701599999999)"
611,"Rattlesnake Hills, USA","(46.4379576, -120.2709316)"
612,"Morey-Saint-Denis, France","(47.195673, 4.962496)"
613,"Volnay, France","(47.00151, 4.781618)"
614,"Missouri, USA","(37.9642529, -91.8318334)"
615,"Southeastern New England, USA","(41.521335, -70.667099)"
616,"Almansa, Spain","(38.8702789, -1.0993366)"
617,"Grand River Valley, USA","(41.6974296, -81.03739499999999)"
618,"Corton-Charlemagne, France","(47.0772222, 4.8497222)"
619,"Chianti Colli Senesi, Italy","(40.719703, -73.9951354)"
620,"Emilia, Italy","(44.5967607, 11.2186396)"
621,"San Vicente, Mexico","(31.3250324, -116.2477569)"
622,"King Valley, Australia","(-36.69472200000001, 146.401667)"
623,"Waipara Valley, New Zealand","(-43.0551367, 172.7590715)"
624,"Tavel, France","(44.01293, 4.698161)"
625,"Pommard, France","(47.00931, 4.795325)"
626,"Nashik, India","(19.9974533, 73.78980229999999)"
627,"Fort Ross-Seaview, USA","(38.5140796, -123.2436186)"
628,"Muscadet Côtes de Grandlieu, France","(47.1438703, -1.6913982)"
629,"Costa Toscana, Italy","(43.2269239, 10.5622216)"
630,"Albana di Romagna, Italy","(44.2395276, 11.916027)"
631,"Grands-Echezeaux, France","(47.17025820000001, 4.954158899999999)"
632,"Moscadello di Montalcino, Italy","(43.0551015, 11.4890032)"
633,"Mazis-Chambertin, France","(40.0199243, -105.271103)"
634,"The Hamptons, Long Island, USA","(40.924616, -72.35479149999999)"
635,"Franschhoek, South Africa","(-33.8974833, 19.1523292)"
636,"Vin de Pays du Comté Tolosan, France","(40.6937019, -73.965586)"
637,"Somontano, Spain","(42.1177335, 0.03732009999999999)"
638,"Castillon Côtes de Bordeaux, France","(44.8533003, -0.0436106)"
639,"Tierra del Viños de Zamora, Spain","(41.4209074, -5.6878736)"
640,"Lake Michigan Shore, USA","(42.2208698, -86.369469)"
641,"Beira Atlantico, Portugal","(39.4486999, -7.370348099999999)"
642,"Central Victoria, Australia","(-37.4713077, 144.7851531)"
643,"Bordeaux Côtes de Francs , France","(44.936198, -0.02241)"
644,"Atlantida, Uruguay","(-34.7694845, -55.7636882)"
645,"Vipavska Dolina, Slovenia","(45.8869925, 13.9044564)"
646,"Var, France","(43.46764599999999, 6.2375947)"
647,"Maipú, Argentina","(-32.9584934, -68.7895478)"
648,"Okanagan Valley, Canada","(49.83385, -119.5236098)"
649,"Coteaux du Languedoc Pic Saint Loup, France","(43.780392, 3.813078)"
650,"Primitivo del Salento, Italy","(40.3473724, 18.1721631)"
651,"Bekaa Valley, Lebanon","(34.008889, 36.145278)"
652,"Tarragona, Spain","(41.1188827, 1.2444909)"
653,"Crémant d'Alsace, France","(48.0225036, 7.2843987)"
654,"Valpolicella Classico, Italy","(45.5205517, 10.8869911)"
655,"Elgin, South Africa","(-34.1564767, 19.0151567)"
656,"Ribeira Sacra, Spain","(40.7194026, -73.99692809999999)"
657,"Hautes Côtes de Nuits, France","(47.1374979, 4.9504852)"
658,"Itata Valley, Chile","(-36.7717771, -72.4311736)"
659,"Vigneti delle Dolomiti, Italy","(46.4102117, 11.8440351)"
660,"Samson, Israel","(40.6224696, -73.7223455)"
661,"Santa Barbara-Monterey, USA","(34.4208305, -119.6981901)"
662,"Gigondas, France","(44.163231, 5.0041804)"
663,"Conca de Barberà, Spain","(41.4745038, 1.2506002)"
664,"Beamsville Bench, Canada","(43.1589129, -79.49234919999999)"
665,"Lessini Durello, Italy","(36.176923, -86.787262)"
666,"Bourgueil, France","(47.282487, 0.168611)"
667,"Saint-Croix-du-Mont, France","(44.5942859, -0.284518)"
668,"Cyprus, Cyprus","(35.126413, 33.429859)"
669,"Pageon, Greece","(39.7169173, 19.6832782)"
670,"South Island, New Zealand","(-45.15267069999999, 169.8926333)"
671,"Côte de Brouilly, France","(46.100171, 4.656352)"
672,"Mâcon-Pierreclos, France","(46.334809, 4.686364999999999)"
673,"Vinho Espumante de Qualidade, Portugal","(38.299478, -122.285282)"
674,"Salina, Italy","(38.5674187, 14.8337879)"
675,"Wellington, South Africa","(-33.6404794, 19.0096562)"
676,"Beira Interior, Portugal","(40.277859, -7.508983)"
677,"Southern Flinders Ranges, Australia","(-31.4932679, 138.4896887)"
678,"Napa-Carneros, USA","(38.2554556, -122.3348556)"
679,"Catalonia, Spain","(41.5911589, 1.5208624)"
680,"Côtes de Gascogne, France","(38.5788159, -121.4907381)"
681,"Thracian Valley, Bulgaria","(42.1440261, 24.748362)"
682,"Lago di Corbara, Italy","(42.7168337, 12.2519308)"
683,"Gisborne, New Zealand","(-38.6640913, 178.0227931)"
684,"Obidos, Portugal","(39.3604212, -9.1582014)"
685,"Moldova, Moldova","(47.411631, 28.369885)"
686,"Santa Cruz, Chile","(-34.6324213, -71.3592116)"
687,"Verdicchio dei Castelli di Jesi, Italy","(43.4942649, 13.1374959)"
688,"Offida Pecorino, Italy","(42.929348, 13.6997866)"
689,"Korčula, Croatia","(42.9584041, 17.1342309)"
690,"Crete, Greece","(35.240117, 24.8092691)"
691,"Verdicchio dei Castelli di Jesi Classico, Italy","(37.854608, -122.479051)"
692,"Crozes-Hermitage, France","(45.09032, 4.846723)"
693,"Sant'Antimo, Italy","(40.9420301, 14.2308738)"
694,"Wairau Valley, New Zealand","(-41.5653356, 173.5285568)"
695,"Côtes du Roussillon Villages Tautavel, France","(42.7595153, 2.7543367)"
696,"Côtes du Roussillon Villages, France","(42.7677552, 2.6558528)"
697,"Aglianico del Taburno, Italy","(33.5198999, -112.0645892)"
698,"Castel del Monte, Italy","(42.3647038, 13.7266016)"
699,"Colli di Faenza, Italy","(44.2983651, 11.9038642)"
700,"Sangiovese di Romagna, Italy","(33.3483333, -111.9088889)"
701,"Vin de Liqueur, France","(40.715887, -74.010341)"
702,"Aegean, Turkey","(25.8159407, -80.19163379999999)"
703,"Mâcon, France","(46.3068839, 4.828730999999999)"
704,"Fixin, France","(47.24534, 4.972309)"
705,"Marsannay, France","(47.270302, 4.988667)"
706,"Corton, France","(47.065692, 4.85994)"
707,"Latricières-Chambertin, France","(47.2085162, 4.9638282)"
708,"Fronton, France","(43.840098, 1.389654)"
709,"Premieres Côtes de Blaye, France","(45.126841, -0.662941)"
710,"Saint-Amour, France","(46.4363219, 5.345254)"
711,"Simonsberg-Paarl, South Africa","(54.436667, 8.971943999999999)"
712,"Juanico, Uruguay","(-34.5907059, -56.2566093)"
713,"Black Sea Coastal, Bulgaria","(42.49253, 27.4746)"
714,"Santa Catarina, Brazil","(-27.2423392, -50.2188556)"
715,"Vin de Pays des Côtes Catalanes, France","(40.7559064, -73.9673248)"
716,"Malibu-Newton Canyon, USA","(34.0771073, -118.8165469)"
717,"Vino de la Tierra Contraviesa Alpujarra, Spain","(36.880581, -3.185691)"
718,"Mount Harlan, USA","(36.6974604, -121.405214)"
719,"Pla de Bages, Spain","(41.7852616, 1.8708613)"
720,"Overberg, South Africa","(-34.4897034, 20.402376)"
721,"Sonoma-Napa-Mendocino, USA","(38.5779555, -122.9888319)"
722,"Atalanti Valley, Greece","(38.6528663, 22.998361)"
723,"Dolcetto d'Acqui, Italy","(33.76292780000001, -84.3577306)"
724,"San Francisco Bay, USA","(37.6909682, -122.3107517)"
725,"Sebes, Romania","(45.9595588, 23.5663758)"
726,"Nagambie Lakes, Australia","(-36.7842847, 145.1417222)"
727,"Côte Chalonnaise, France","(46.78004079999999, 4.7409998)"
728,"Côtes de Bergerac, France","(44.8593768, 0.5068232)"
729,"Coste della Sesia, Italy","(37.7934333, -122.3993139)"
730,"Pacherenc du Vic Bilh, France","(43.5507154, -0.0597977)"
731,"Moscatel de Setúbal, Portugal","(38.5243459, -8.8929359)"
732,"Macedonia, Greece","(40.8176812, 22.8527142)"
733,"Chelan County, USA","(47.9445331, -120.6749068)"
734,"Riverina, Australia","(-29.750299, 120.553001)"
735,"Ribatejo, Portugal","(41.1598757, -73.863523)"
736,"Saddle Rock-Malibu, USA","(34.09461599999999, -118.8207687)"
738,"La Grande Rue, France","(47.18466, 0.738587)"
739,"Clos de la Roche, France","(37.68572080000001, -97.335374)"
740,"Savigny-lès-Beaune, France","(47.0644992, 4.817557799999999)"
741,"Vougeot, France","(47.176617, 4.962975)"
742,"Wrattonbully, Australia","(-37.1624826, 140.9351108)"
743,"Saint-Aubin, France","(46.950588, 4.707633)"
744,"Moon Mountain District Sonoma County, USA","(38.34049419999999, -122.4748415)"
745,"Loazzolo, Italy","(44.6688073, 8.258573799999999)"
746,"Mâcon-Cruzille, France","(46.50496099999999, 4.795578)"
747,"Humboldt County, USA","(40.7450055, -123.8695086)"
748,"Palmela, Portugal","(38.569441, -8.9016937)"
749,"Galil, Israel","(40.4652671, -75.1280822)"
750,"Sforzato di Valtellina, Italy","(46.1633869, 9.8447202)"
751,"Chile, Chile","(-35.675147, -71.542969)"
752,"Curtefranca, Italy","(26.7110036, -80.0542782)"
753,"Kras, Slovenia","(45.7473763, 13.8719344)"
754,"Croatia, Croatia","(45.1, 15.2000001)"
755,"Waipara, New Zealand","(-43.0551367, 172.7590715)"
756,"Saumur-Champigny, France","(47.2547214, -0.0834137)"
757,"Awatere Valley, New Zealand","(-41.991587, 173.4336118)"
758,"Monteregio di Massa Marittima, Italy","(43.045981, 10.880048)"
759,"Napa-Sonoma-Marin, USA","(38.291859, -122.4580356)"
760,"Muscat de Rivesaltes, France","(27.1009639, -82.4459952)"
761,"Montecucco, Italy","(44.9932581, 9.3789985)"
762,"Condrieu, France","(45.4617223, 4.7680113)"
763,"Côtes du Tarn, France","(43.8170547, 1.7313938)"
764,"Bergerac, France","(44.853806, 0.483392)"
765,"Vin de Table Francais, France","(40.6920591, -73.9429129)"
766,"Olifants River, South Africa","(-24.3688001, 30.6473144)"
767,"Valle d'Aosta, Italy","(45.7388878, 7.426186599999999)"
768,"Santa Clara County, USA","(37.3336581, -121.8907041)"
769,"Israel, Israel","(31.046051, 34.851612)"
770,"Chignin-Bergeron, France","(45.523454, 6.011586899999999)"
771,"Vin Santo del Chianti Rufina, Italy","(43.7983982, 11.4683869)"
772,"Côtes du Roussillon Les Aspres, France","(43.5912356, 3.2583626)"
773,"Côtes du Roussillon, France","(37.7746773, -122.391388)"
774,"Neusiedlersee, Austria","(47.8650427, 16.7775594)"
775,"Côtes de Duras, France","(44.6699813, 0.1853604)"
776,"Puget Sound, USA","(47.7236535, -122.4713352)"
777,"Chambertin Clos de Bèze, France","(47.2164131, 4.9660175)"
778,"Corton-Rognet, France","(42.2900979, -85.5834488)"
779,"Corton Vergennes, France","(47.0717829, 4.8663697)"
780,"Chapelle-Chambertin, France","(47.2156575, 4.968552499999999)"
781,"Montrachet, France","(46.945092, 4.753296)"
782,"Anjou Villages, France","(38.8825185, -76.99526759999999)"
783,"Cadillac, France","(44.63702199999999, -0.320481)"
784,"Pangeon, Greece","(40.9166667, 24.0833333)"
785,"Marchigue, Chile","(-34.3961235, -71.6200289)"
786,"Pago de Arínzano, Spain","(40.7536162, -73.9768648)"
787,"Passito di Pantelleria, Italy","(36.823645, 11.936388)"
788,"Costers del Segre, Spain","(41.599156, 0.5812269999999999)"
789,"Beneventano, Italy","(41.1297613, 14.7826208)"
790,"Bourgogne Hautes Côtes de Beaune, France","(46.9979057, 4.7747405)"
791,"Coteaux du Layon Chaume, France","(41.8977726, -87.62239799999999)"
792,"McLaren Vale-Adelaide Hills, Australia","(-35.0858138, 138.6777686)"
793,"Colli Piacentini, Italy","(40.6826786, -73.9637937)"
794,"Puente Alto, Chile","(-33.6186082, -70.5906057)"
795,"Alto Adige Terlano, Italy","(46.5384622, 11.2421084)"
796,"Saumur, France","(47.260135, -0.08089299999999999)"
797,"Australia, Australia","(-25.274398, 133.775136)"
798,"Snipes Mountain, USA","(46.3285408, -120.0079879)"
799,"Long Island, USA","(40.789142, -73.13496099999999)"
800,"Lolol Valley, Chile","(-34.728699, -71.6452075)"
801,"Martina, Italy","(40.7028666, 17.3392645)"
802,"Lacryma Christi del Vesuvio, Italy","(40.780676, 14.440112)"
803,"Solano County Green Valley, USA","(38.2529705, -122.1621917)"
804,"Penisola Sorrentina, Italy","(40.6569836, 14.5422225)"
805,"California-Oregon, USA","(39.59388999999999, -121.52833)"
806,"Colorado, USA","(39.5500507, -105.7820674)"
807,"Wairarapa, New Zealand","(-41.2128811, 175.2411958)"
808,"Groenekloof, South Africa","(-25.7740895, 28.2204987)"
809,"Guenoc Valley, USA","(38.7359634, -122.5283555)"
810,"Terre del Volturno, Italy","(41.1818196, 14.4521422)"
811,"Utiel-Requena, Spain","(39.5694342, -1.203722)"
812,"Montagny, France","(45.620885, 4.747657999999999)"
813,"Alenquer, Portugal","(39.0574004, -9.0063654)"
814,"Soave Colli Scaligeri, Italy","(45.4616134, 11.2398153)"
815,"Goriska Brda, Slovenia","(45.95575729999999, 13.4675302)"
816,"Languedoc, France","(43.5912356, 3.2583626)"
817,"Murfatlar, Romania","(44.1735518, 28.4105479)"
818,"Colline Novaresi, Italy","(30.2482125, -97.7714079)"
819,"Napa County-Sonoma County-San Joaquin County, USA","(37.9175935, -121.1710389)"
820,"Southwest France, France","(46.227638, 2.213749)"
821,"Washington-Oregon, USA","(45.5469616, -123.1386021)"
822,"Bourgogne Gamay, France","(37.8646722, -122.5749306)"
823,"Terre di Franciacorta, Italy","(41.890858, -87.64790789999999)"
824,"Serra Gaúcha, Brazil","(33.6340669, -112.2352116)"
825,"San Jose, Uruguay","(-34.3086518, -56.72563659999999)"
826,"Montevideo, Uruguay","(-34.9011127, -56.16453139999999)"
827,"Rosso di Toscana, Italy","(42.9370963, 10.5038823)"
828,"Côtes de Castillon, France","(29.7538656, -95.3613323)"
829,"Adelaide, Australia","(-34.9284989, 138.6007456)"
830,"Lenswood, Australia","(-34.9172455, 138.8315666)"
831,"Côte de Beaune, France","(47.008844, 4.797524399999999)"
832,"Ica, Peru","(-14.07546, -75.7341811)"
833,"Lake Chelan, USA","(48.0269741, -120.3377317)"
834,"Valpolicella Ripasso Classico, Italy","(38.9022561, -77.0212359)"
835,"Solano County, USA","(38.3104969, -121.9017954)"
836,"Steiermark, Austria","(47.3593442, 14.4699827)"
837,"Chianti Colli Fiorentini, Italy","(41.9034674, -87.630279)"
838,"Lutzville Valley, South Africa","(-31.5604197, 18.3499918)"
839,"Valpolicella, Italy","(45.5205517, 10.8869911)"
840,"Duriense, Portugal","(40.7895134, -73.9758964)"
841,"Swan Creek, USA","(41.5421787, -83.9532571)"
842,"Tierra de León, Spain","(42.5322768, -83.1994287)"
843,"Apalta, Chile","(-34.5923685, -71.2922047)"
844,"Mudgee, Australia","(-32.6144566, 149.5733291)"
845,"New South Wales, Australia","(-31.2532183, 146.921099)"
846,"Rosso Piceno Superiore, Italy","(37.7934333, -122.3993139)"
847,"Offida Passerina, Italy","(42.929348, 13.6997866)"
848,"Vin de Pays du Lot, France","(44.486856, 1.107466)"
849,"Malleco, Chile","(-38.1635613, -72.5204827)"
850,"Venezie, Italy","(45.92950219999999, 11.5621417)"
851,"Riviera Ligure di Ponente, Italy","(43.1945753, 8.1338558)"
852,"Tulum Valley, Argentina","(40.7510502, -73.9932346)"
853,"Pompeiano, Italy","(43.8565049, 7.8854795)"
854,"Epomeo, Italy","(40.73023269999999, 13.8942535)"
855,"Roccamonfina, Italy","(41.2928103, 13.9851231)"
856,"Valdobbiadene Superiore di Cartizze, Italy","(45.8945185, 11.9852844)"
857,"Marcillac, France","(45.269046, -0.5232089999999999)"
858,"Tierra de Castilla, Spain","(37.7746773, -122.391388)"
859,"Galluccio, Italy","(41.3348677, 13.9492051)"
860,"Bourgogne Epineuil, France","(47.874593, 3.980885)"
861,"Colli di Salerno, Italy","(None, None)"
862,"Viile Timisului, Romania","(45.8138902, 21.3331055)"
863,"Guerrouane, Morocco","(25.8108707, -80.3822459)"
864,"Valais, Switzerland","(46.1904614, 7.5449226)"
865,"Tuolumne County, USA","(38.029655, -119.9740534)"
866,"Côtes-du-Ventoux, France","(34.2367171, -77.9478996)"
867,"Getariako Txakolina, Spain","(43.3026416, -2.2042824)"
868,"Choapa Valley, Chile","(-31.8040841, -71.0022311)"
869,"Jurançon Sec, France","(43.287723, -0.390892)"
870,"Tarantino, Italy","(40.46436060000001, 17.2470303)"
871,"Saint-Mont, France","(43.650444, -0.147616)"
872,"Crémant de Bordeaux, France","(44.720803, -0.377081)"
873,"Dolcetto di Monferrato, Italy","(44.7503411, 8.3663477)"
874,"Vale dos Vinhedos, Brazil","(-29.1962673, -51.5574014)"
875,"Malibu Coast, USA","(34.0259216, -118.7797571)"
876,"Rully, France","(46.875041, 4.740823)"
877,"Monti Lessini, Italy","(45.6818258, 11.0417457)"
878,"Lambrusco di Sorbara, Italy","(44.754838, 11.00807)"
879,"Asti, Italy","(44.90075119999999, 8.2064257)"
880,"Lambrusco Grasparossa di Castelvetro, Italy","(44.5185391, 10.9299645)"
881,"Carmignano, Italy","(43.8007472, 11.0146187)"
882,"Val de Loire, France","(47.5532402, 1.0105289)"
883,"Mittelrhein, Germany","(50.1614667, 7.7008637)"
884,"Bullas, Spain","(38.0433449, -1.6736397)"
885,"Clear Lake, USA","(39.05819049999999, -122.831015)"
886,"Durbanville, South Africa","(-33.8275335, 18.6526846)"
887,"Bonnes-Mares, France","(47.1917145, 4.9570874)"
888,"Mâcon-Lugny, France","(46.471672, 4.80982)"
889,"Eisenberg, Austria","(47.166, 16.44581)"
890,"Rasteau, France","(44.231277, 4.986897)"
891,"Côtes de Provence Sainte-Victoire, France","(43.5319728, 5.6127511)"
892,"Cilento, Italy","(40.6678725, -74.4821517)"
893,"Coteaux Varois en Provence, France","(43.3937706, 6.0407342)"
894,"Outer Coastal Plain, USA","(36.1395768, -95.8645502)"
895,"Shenandoah Valley, USA","(38.0200031, -79.560344)"
896,"Yadkin Valley, USA","(36.2023597, -80.6770787)"
897,"Costa d'Amalfi, Italy","(40.6333389, 14.6028963)"
898,"Mostar, Bosnia and Herzegovina","(43.34377480000001, 17.8077578)"
899,"Iowa, USA","(41.8780025, -93.097702)"
900,"Premieres Côtes de Bordeaux, France","(33.6215233, -117.9280581)"
901,"Chianti Montalbano, Italy","(41.0996739, -73.4189674)"
902,"Mornington Peninsula, Australia","(-38.2854053, 145.093449)"
903,"Bourgogne Aligoté, France","(41.9277528, -87.70608190000002)"
904,"Auxey-Duresses, France","(46.986357, 4.747390999999999)"
905,"Orvieto Classico Superiore, Italy","(32.9811019, -117.2513443)"
906,"Saint-Romain, France","(46.99825800000001, 4.708748)"
907,"Lugana Superiore, Italy","(44.9712694, -93.28621389999999)"
908,"Cesanese del Piglio, Italy","(41.8259941, 13.1341835)"
909,"Banyuls, France","(42.48343, 3.128874)"
910,"Friuli Venezia Giulia, Italy","(46.2259177, 13.1033646)"
911,"Patras, Greece","(38.2466395, 21.734574)"
912,"Monterey-Santa Barbara, USA","(34.4217436, -119.7267751)"
913,"Franken, Germany","(50.08972310000001, 11.9190005)"
914,"Sonoma County-Monterey County-Napa County, USA","(36.599774, -121.8953841)"
915,"Rosé d'Anjou, France","(40.7330117, -73.9987735)"
916,"Rubicone, Italy","(44.07501389999999, 12.3642596)"
917,"Vittoria Frappato, Italy","(36.989738, 14.5445575)"
918,"Mâcon La Roche Vineuse, France","(46.34679200000001, 4.719113)"
919,"Muscat de Beaumes de Venise, France","(37.8749361, -122.2938006)"
920,"Korinthia, Greece","(38.0022977, 22.5245093)"
921,"Colli di Luni, Italy","(44.0777715, 10.0139288)"
922,"Soave Classico Superiore, Italy","(37.7934333, -122.3993139)"
923,"San Clemente, Chile","(-35.5362386, -71.4872994)"
924,"Corton Grèves, France","(47.0772222, 4.8497222)"
925,"Entre-Deux-Mers, France","(44.7762875, -0.3495841)"
926,"Barbera del Monferrato, Italy","(45.008603, 8.407276)"
927,"Copertino, Italy","(40.2696379, 18.0604887)"
928,"Alta Mesa, USA","(33.440587, -111.7070613)"
929,"Vacqueyras, France","(44.13846299999999, 4.982689)"
930,"Coteaux de Verdon, France","(36.0554487, -96.00503499999999)"
931,"Podunavlje, Croatia","(45.630613, 18.8133484)"
932,"Saint-Chinian, France","(43.418646, 2.945129)"
933,"Lake Erie, USA","(42.0668852, -81.3399414)"
934,"Lirac, France","(44.03527500000001, 4.693796)"
935,"Mokelumne River, USA","(38.1097595, -121.5749849)"
936,"Valpolicella Valpantena Superiore, Italy","(45.5333333, 11.0)"
937,"Florina, Greece","(40.78452619999999, 21.4131222)"
938,"Buin, Chile","(-33.7313897, -70.742431)"
939,"Francs Côtes de Bordeaux, France","(44.936198, -0.02241)"
940,"Manchuela, Spain","(30.2482125, -97.7714079)"
941,"Biferno Rosso, Italy","(26.1628149, -81.8088796)"
942,"Régnié, France","(46.148683, 4.6401625)"
943,"Sonoma County-Lake County, USA","(38.5779555, -122.9888319)"
944,"Italy, Italy","(41.86954009999999, -87.6511328)"
945,"Languedoc-Roussillon, France","(43.5912356, 3.2583626)"
946,"France, France","(46.227638, 2.213749)"
947,"Colli Perugini, Italy","(43.1118776, 12.3874652)"
948,"Aleatico dell'Elba, Italy","(42.8144678, 10.3301028)"
949,"Bío Bío Valley, Chile","(-37.4464428, -72.1416132)"
950,"Touraine, France","(47.3020954, 0.6921741)"
951,"Corbières-Boutenac, France","(43.1485716, 2.79395)"
952,"Haut-Judeé, Israel","(31.807807, 35.091355)"
953,"Ohio, USA","(40.4172871, -82.90712300000001)"
954,"Vin de Pays du Val de Cesse, France","(43.287046, 2.888213)"
955,"Saussignac, France","(44.800008, 0.326801)"
956,"Limoux, France","(43.053289, 2.218142)"
957,"Terras do Sado, Portugal","(41.5050714, -74.0051673)"
958,"Madrid, Spain","(40.4167754, -3.7037902)"
959,"San Luis Obispo, USA","(35.2827524, -120.6596156)"
960,"Vino de Mesa, Spain","(33.6421783, -117.9185608)"
961,"Maipo Valley-Colchagua Valley, Chile","(-33.8088442, -70.7644236)"
962,"Vittoria, Italy","(36.9520998, 14.5372653)"
963,"Noto, Italy","(36.8924433, 15.0651945)"
964,"Campi Flegrei, Italy","(40.827, 14.139)"
965,"Bendigo, Australia","(-36.7570157, 144.2793906)"
966,"Friuli Isonzo, Italy","(46.0506799, 13.5956455)"
967,"Vin de Pays de L'Aude, France","(43.0568691, 2.2143696)"
968,"Terre di Chieti, Italy","(32.443335, -97.787711)"
969,"Romagna, Italy","(44.5967607, 11.2186396)"
970,"Breedekloof, South Africa","(-33.681831, 19.3143778)"
971,"Vin de Pays du Gard, France","(43.99084329999999, 4.4399744)"
972,"Colline Teatine, Italy","(38.8502352, -104.8671729)"
973,"Cederberg, South Africa","(-32.5891202, 19.0118251)"
974,"Montilla-Moriles, Spain","(33.6947139, -117.9257667)"
975,"Pomino, Italy","(43.81774799999999, 11.5481573)"
976,"Côte Rôtie, France","(29.7538656, -95.3613323)"
977,"Vermont, USA","(44.5588028, -72.57784149999999)"
978,"Garda Classico, Italy","(39.1437164, -76.6324343)"
979,"Montenetto di Brescia, Italy","(45.4681, 10.1301)"
980,"Lombardy, Italy","(45.47906709999999, 9.8452433)"
981,"Benaco Bresciano, Italy","(45.6049385, 10.6351414)"
982,"Musigny, France","(47.163708, 4.517347)"
983,"Chambertin, France","(47.225962, 4.968738999999999)"
984,"Clos Saint-Denis, France","(48.9490671, 2.3749337)"
985,"Côtes du Lot, France","(37.7746773, -122.391388)"
986,"Heathcote, Australia","(-36.916667, 144.7)"
987,"Malvasia delle Lipari, Italy","(38.49714669999999, 14.9127941)"
988,"Switzerland, Switzerland","(46.818188, 8.227511999999999)"
989,"Waitaki Valley, New Zealand","(-44.8111179, 170.2915538)"
990,"Golan Heights, Israel","(33.01558540000001, 35.784354)"
991,"Côtes du Frontonnais, France","(43.8361935, 1.3979609)"
992,"Mittelburgenland, Austria","(47.49497, 16.50879)"
993,"Fruška Gora, Serbia","(45.1570803, 19.7093272)"
994,"Philadelphia, South Africa","(-33.6666209, 18.5811957)"
995,"Marsala, Italy","(37.7981074, 12.4372236)"
996,"Muzla, Slovakia","(47.7922734, 18.5974801)"
997,"Marca Trevigiana, Italy","(40.8048616, -74.14517)"
998,"Colli di Conegliano, Italy","(45.8925141, 12.3097453)"
999,"Chianti Colli Aretini, Italy","(43.4941435, 11.5780983)"
1000,"Napa County-Sonoma County, USA","(38.5024689, -122.2653887)"
1001,"Monterrei, Spain","(41.9470179, -7.449239599999999)"
1002,"Mendocino-Lake, USA","(39.2173837, -123.171699)"
1003,"Dogliani, Italy","(44.5319723, 7.949748199999999)"
1004,"Mátra, Hungary","(47.8833333, 19.95)"
1005,"Kakheti, Georgia","(41.6481602, 45.6905554)"
1006,"Saint-Nicolas-de-Bourgueil, France","(47.284852, 0.12535)"
1007,"Bramaterra, Italy","(45.5955346, 8.253127100000002)"
1008,"Monterey-Santa Cruz, USA","(36.9741171, -122.0307963)"
1009,"Teroldego Rotaliano, Italy","(46.2064495, 11.1000317)"
1010,"North Carolina, USA","(35.7595731, -79.01929969999999)"
1011,"Cortese di Gavi, Italy","(44.6877629, 8.8036549)"
1012,"York Mountain, USA","(42.0092908, -74.3821116)"
1013,"Touraine Amboise, France","(47.4045065, 0.9840671)"
1014,"Texas High Plains, USA","(33.57292109999999, -101.9045895)"
1015,"Petit Chablis, France","(38.439698, -105.2394224)"
1016,"Ben Lomond Mountain, USA","(41.363274, -111.960498)"
1017,"Wiener Gemischter Satz, Austria","(48.30215459999999, 16.4089871)"
1018,"Colli Bolognesi, Italy","(41.8977726, -87.62239799999999)"
1019,"Lambrusco Reggiano, Italy","(33.335053, -111.908374)"
1020,"Emilia-Romagna, Italy","(44.5967607, 11.2186396)"
1021,"Château-Chalon, France","(46.7549, 5.626337899999999)"
1022,"Mâcon-Mancey, France","(46.57554400000001, 4.833501000000001)"
1023,"Irancy, France","(47.71398199999999, 3.665354999999999)"
1024,"Pitsilia Mountains, Cyprus","(34.9219817, 32.879425)"
1025,"Cigales, Spain","(41.7733965, -4.7174062)"
1026,"Assisi, Italy","(43.0707017, 12.6195966)"
1027,"Attica, Greece","(38.0457568, 23.8584737)"
1028,"Savennières-Roche-Aux-Moines, France","(47.389353, -0.641455)"
1029,"Jujuy, Argentina","(-24.1857864, -65.2994767)"
1030,"Montescudaio, Italy","(43.326165, 10.6265654)"
1031,"Galatina, Italy","(40.17582280000001, 18.1724756)"
1032,"Cirò, Italy","(39.3811686, 17.0673088)"
1033,"Vin de Pays des Portes de Méditerranée, France","(34.5531284, 18.0480105)"
1034,"Alcamo, Italy","(37.9783947, 12.9686255)"
1035,"Soave Superiore, Italy","(45.4544384, 11.2358335)"
1036,"Hungary, Hungary","(47.162494, 19.5033041)"
1037,"Vermentino di Gallura, Italy","(40.8051102, 9.321366399999999)"
1038,"Elazığ-Diyarbakir, Turkey","(37.9197414, 40.2324199)"
1039,"Brulhois, France","(44.177717, 0.515621)"
1040,"Jonkershoek Valley, South Africa","(-33.9512794, 18.9052428)"
1041,"Tikves, Macedonia","(41.4351304, 22.0028083)"
1042,"Uruguay, Uruguay","(-32.522779, -55.765835)"
1043,"Limestone Coast, Australia","(-36.7235617, 140.3481835)"
1044,"Chianti Superiore, Italy","(34.0138739, -118.4962475)"
1045,"Rosazzo, Italy","(45.9915583, 13.4415929)"
1046,"Progreso, Uruguay","(-34.6636109, -56.2230875)"
1047,"Verdicchio di Matelica, Italy","(43.2711212, 13.0058802)"
1048,"Columbia Valley-Walla Walla Valley, USA","(46.0650436, -118.3395156)"
1049,"Gutturnio Colli Piacentini, Italy","(45.0303354, 9.6863615)"
1050,"Waiheke Island, New Zealand","(-36.8000487, 175.1009721)"
1051,"Ardèche, France","(44.759629, 4.5624426)"
1052,"Napa-Mendocino-Sonoma-Marin, USA","(38.2949874, -122.4760013)"
1053,"Great Southern, Australia","(42.49659370000001, -96.4053679)"
1054,"Ankara, Turkey","(39.9333635, 32.8597419)"
1055,"Molina, Chile","(-35.1164987, -71.2829759)"
1056,"Serra do Sudeste, Brazil","(-31.6562664, -52.9592649)"
1057,"Barbera del Monferrato Superiore, Italy","(40.9508648, -73.8268884)"
1058,"Leyda Valley-Maipo Valley, Chile","(29.602645, -95.622074)"
1059,"Rutherglen, Australia","(-36.055556, 146.4625)"
1060,"Mâcon-Charnay, France","(46.3094444, 4.8011956)"
1061,"Dalmatian Coast, Croatia","(43.5083294, 16.4368922)"
1062,"Eilandia, South Africa","(-33.7725, 19.67317)"
1063,"Ancient Lakes, USA","(47.1507025, -119.9454183)"
1064,"Mount Barker, Australia","(-35.0809029, 138.8634671)"
1065,"Dealurile Munteniei, Romania","(None, None)"
1066,"Rivesaltes, France","(42.768583, 2.871763000000001)"
1067,"Cérons, France","(44.631404, -0.337996)"
1068,"Coteaux du Layon Saint Aubin, France","(47.3292533, -0.6881096999999999)"
1069,"Sonoma, USA","(38.397827, -122.7155887)"
1070,"Rhône Valley, France","(36.154061, -95.99103)"
1071,"Mâcon-Loché, France","(46.2787679, 4.7703525)"
1072,"Thraki, Greece","(41.1295126, 24.8877191)"
1073,"Orvieto, Italy","(42.7185068, 12.1107446)"
1074,"Sainte-Foy Bordeaux, France","(44.85012039999999, -0.5692298)"
1075,"Curicó and Maipo Valleys, Chile","(-34.9859489, -71.2417746)"
1076,"Štajerska, Slovenia","(46.3111036, 15.5122711)"
1077,"Middle and South Dalmatia, Croatia","(41.8642219, -87.62385239999999)"
1078,"Gioia del Colle, Italy","(40.7990706, 16.9221587)"
1079,"Kentucky, USA","(37.8393332, -84.2700179)"
1080,"Prince Edward County, Canada","(44.0003383, -77.25049369999999)"
1081,"San Francisco Bay-Livermore Valley, USA","(37.6818688, -121.7684732)"
1082,"Elkton Oregon, USA","(43.6376174, -123.568152)"
1083,"Extremadura, Spain","(39.4937392, -6.0679194)"
1084,"Župa, Serbia","(42.9712396, 20.3606701)"
1085,"Vino da Tavola, Italy","(40.7685634, -73.9253755)"
1086,"Southern Fleurieu, Australia","(-35.5, 138.5)"
1087,"Clements Hills, USA","(42.0457458, -70.1916383)"
1088,"Vinos de Madrid, Spain","(40.4326845, -3.7016862)"
1089,"Calabria, Italy","(39.3087714, 16.3463791)"
1090,"Custoza, Italy","(45.3729347, 10.7962865)"
1091,"Contea di Sclafani, Italy","(39.7616118, -86.154422)"
1092,"Ahr, Germany","(50.46560059999999, 6.9512367)"
1093,"Dolcetto di Diano d'Alba, Italy","(44.650586, 8.027121)"
1094,"Vin de Pays de l'Ile de Beauté, France","(40.6937019, -73.965586)"
1095,"Romania, Romania","(45.943161, 24.96676)"
1096,"Blanquette de Limoux, France","(43.055162, 2.204333)"
1097,"Pafos, Cyprus","(34.7720133, 32.4297369)"
1098,"Venezia, Italy","(45.4408474, 12.3155151)"
1099,"Monemvasia, Greece","(36.6876016, 23.056032)"
1100,"Samos, Greece","(37.7547857, 26.9777701)"
1101,"Fitou, France","(42.893306, 2.978041)"
1102,"Tulbagh, South Africa","(-33.2872221, 19.1434108)"
1103,"Elazığ, Turkey","(38.674816, 39.22251500000001)"
1104,"Danube River Plains, Bulgaria","(43.2500601, 25.3337055)"
1105,"Cappadocia, Turkey","(38.3534949, 35.0911156)"
1106,"Primorska, Slovenia","(45.9005145, 13.8743767)"
1107,"Clairette de Bellegarde, France","(43.7506561, 4.518505)"
1108,"Provincia di Pavia, Italy","(45.3218166, 8.8466236)"
1109,"Montepulciano d'Abruzzo Cerasuolo, Italy","(42.1790825, 13.8052814)"
1110,"Colline Lucchesi, Italy","(40.71083400000001, -74.00761109999999)"
1111,"Emporadà-Costa Brava, Spain","(42.3882909, 3.0012155)"
1112,"Recioto di Soave Classico, Italy","(39.4073208, -107.1528054)"
1113,"Zenata, Morocco","(33.7020666, -7.3963679)"
1114,"Fara, Italy","(42.2092663, 12.7293035)"
1115,"Ismarikos, Greece","(45.519926, -73.5977389)"
1116,"Bardolino, Italy","(45.5453076, 10.6914197)"
1117,"Lison-Pramaggiore, Italy","(33.76292780000001, -84.3577306)"
1118,"Côtes du Luberon, France","(45.6402905, 5.6864994)"
1119,"Recioto della Valpolicella, Italy","(45.5205517, 10.8869911)"
1120,"Canon-Fronsac, France","(44.9264784, -0.2930427)"
1121,"Bardolino Chiaretto, Italy","(36.1262939, -86.77591029999999)"
1122,"Western Connecticut Highlands, USA","(34.910585, -82.4277749)"
1123,"Terrazze Retiche di Sondrio, Italy","(46.1873888, 10.1095317)"
1124,"Passito di Noto, Italy","(36.8921529, 15.0700378)"
1125,"Eger, Hungary","(47.9025348, 20.3772284)"
1126,"Curicó and Leyda Valleys, Chile","(-34.9779853, -71.2528803)"
1127,"Vin de Pays des Alpilles, France","(43.7577242, 4.8512089)"
1128,"Grampians, Australia","(-37.2108819, 142.3979571)"
1129,"Currency Creek, Australia","(-35.4373405, 138.7586849)"
1130,"Agioritikos, Greece","(38.9634014, -77.0750071)"
1131,"Mâcon-Verze, France","(46.376678, 4.734818)"
1132,"Casablanca-Curicó Valley, Chile","(-35.0723787, -71.25637189999999)"
1133,"Muscadet Sèvre et Maine Clisson, France","(47.09796859999999, -1.2520154)"
1134,"Aude Hauterive, France","(43.0724667, 2.3813621)"
1135,"Ribera del Guadiana, Spain","(38.679412, -6.396338)"
1136,"Toledo, Spain","(39.8628316, -4.027323099999999)"
1137,"Beotia, Greece","(38.3663664, 23.0965064)"
1138,"Algarve, Portugal","(37.0179538, -7.930834000000001)"
1139,"Monterey-Santa Barbara-Sonoma, USA","(36.6002378, -121.8946761)"
1140,"Hemel en Aarde, South Africa","(-34.4116592, 19.2065868)"
1141,"Vi de la Terra Mallorca, Spain","(40.4949803, -74.4408843)"
1142,"Abruzzo, Italy","(42.1920119, 13.7289167)"
1143,"Canelones, Uruguay","(-34.5291043, -56.2873482)"
1144,"Colli Tortonesi, Italy","(40.7254266, -74.0046926)"
1145,"Amindeo, Greece","(40.6905178, 21.6797432)"
1146,"Coteaux Bourguignons, France","(39.0273026, -94.5843462)"
1147,"Piccadilly Valley, Australia","(-34.9749399, 138.72829)"
1148,"Lake County-Mendocino County, USA","(39.2173837, -123.171699)"
1149,"Côte de Beaune-Villages, France","(47.008844, 4.797524399999999)"
1150,"Meursault-Blagny, France","(46.9593433, 4.7415055)"
1151,"Cape South Coast, South Africa","(42.365002, -71.058003)"
1152,"Sonoma County-Monterey County-Santa Barbara County, USA","(34.4127548, -119.6889645)"
1153,"Germany, Germany","(38.9144818, -77.0888434)"
1154,"Yamhill County, USA","(45.1771983, -123.2395303)"
1155,"Mendocino-Lake County-Napa, USA","(38.4896363, -122.3759269)"
1156,"Templeton Gap District, USA","(33.8213349, -116.5452378)"
1157,"Sopron, Hungary","(47.68166189999999, 16.5844795)"
1158,"Georgia, Georgia","(32.8595347, -85.1722497)"
1159,"Montecarlo, Italy","(43.8534454, 10.6657906)"
1160,"Monterey-San Luis Obispo-Santa Barbara, USA","(35.2829833, -120.6585685)"
1161,"Bulgaria, Bulgaria","(42.733883, 25.48583)"
1162,"Colli Euganei, Italy","(45.3166667, 11.6666667)"
1163,"Côtes de Nuits Villages, France","(47.180179, 4.959953)"
1164,"Contessa Entellina, Italy","(37.7295385, 13.1833552)"
1165,"Moscato di Noto, Italy","(36.8924433, 15.0651945)"
1166,"North Dalmatia, Croatia","(41.8642219, -87.62385239999999)"
1167,"Diano d'Alba, Italy","(44.64998809999999, 8.0271337)"
1168,"Prosecco Treviso, Italy","(45.64415349999999, 12.2731666)"
1169,"Prosecco Superiore di Cartizze, Italy","(41.9794119, -87.9716096)"
1170,"Chignin, France","(45.523454, 6.011586899999999)"
1171,"Controguerra, Italy","(42.85042199999999, 13.8123653)"
1172,"Northern Cape, South Africa","(-29.0466808, 21.8568586)"
1173,"San Carlos, Argentina","(-41.1334722, -71.3102778)"
1174,"Savoie, France","(45.4932045, 6.472399999999999)"
1175,"Austria, Austria","(47.516231, 14.550072)"
1176,"Gard, France","(43.9446996, 4.1513764)"
1177,"Kutjevo, Croatia","(45.42588139999999, 17.88337)"
1178,"Valli di Porto Pino, Italy","(38.9481209, 8.6208777)"
1179,"Corse Porto Vecchio, France","(41.591369, 9.278311)"
1180,"Greece, Greece","(39.074208, 21.824312)"
1181,"Vinho da Mesa, Portugal","(38.8402416, -7.628929299999999)"
1182,"Bizkaiko Txakolina, Spain","(42.38818, -71.095545)"
1183,"Hvar, Croatia","(43.1729478, 16.4411136)"
1184,"Cheverny, France","(47.49973, 1.46013)"
1185,"Cephalonia, Greece","(38.1753675, 20.5692179)"
1186,"Carneros-Napa Valley, USA","(38.25552, -122.3513889)"
1187,"Falerio dei Colli Ascolani, Italy","(None, None)"
1188,"Erbaluce di Caluso, Italy","(45.3052855, 7.888083399999999)"
1189,"Mamertino, Italy","(38.0325358, 14.7726781)"
1190,"Civitella d'Agliano, Italy","(42.6042926, 12.1859029)"
1191,"Beaujolais Blanc, France","(45.5167547, -122.6186539)"
1192,"Amarone della Valpolicella Valpantena, Italy","(45.5333333, 11.0)"
1193,"Chalkidiki, Greece","(40.3694997, 23.287085)"
1194,"Orange, Australia","(-33.283333, 149.1)"
1195,"Pedernal Valley, Argentina","(-31.9958958, -68.764945)"
1196,"Coteaux du Giennois, France","(32.0786276, -81.0995367)"
1197,"Breganze, Italy","(45.708245, 11.5574545)"
1198,"Tehama County, USA","(40.0982197, -122.174605)"
1199,"Eloro, Italy","(36.839192, 15.1066749)"
1200,"Vin de Pays du Jardin de la France, France","(39.7023355, -104.9595705)"
1201,"Ischia, Italy","(40.7270164, 13.9028656)"
1202,"Murray-Darling, Australia","(-31.4266706, 143.935319)"
1203,"Saint-Péray, France","(44.944816, 4.841902999999999)"
1204,"Carema, Italy","(45.5826302, 7.8080102)"
1205,"Cahul, Moldova","(45.8939404, 28.1890275)"
1206,"Valpolicella Valpantena, Italy","(45.5333333, 11.0)"
1207,"Cyclades, Greece","(37.1548247, 25.0687356)"
1208,"Ramona Valley, USA","(33.03763840000001, -116.8765386)"
1209,"Pouilly-Vinzelles, France","(None, None)"
1210,"Asolo Prosecco Superiore, Italy","(45.7596275, 11.984389)"
1211,"Napa County-Lake County, USA","(None, None)"
1212,"Colli Etruria Centrale, Italy","(42.3385156, 14.0591193)"
1213,"Vino de la Tierra del Bajo Aragón, Spain","(40.856431, -0.280399)"
1214,"East Coast, New Zealand","(-37.6908365, 178.5396131)"
1215,"Vin de Pays de l'Atlantique, France","(44.8500585, -0.5712937)"
1216,"Côtes de Forez, France","(37.7746773, -122.391388)"
1217,"Monthélie, France","(46.99248799999999, 4.76562)"
1218,"Sonoma County-Monterey County, USA","(38.291859, -122.4580356)"
1219,"Clos de Lambrays, France","(47.1980495, 4.9634534)"
1220,"Clos de Tart, France","(47.1956472, 4.961697600000001)"
1221,"Corton-Pougets, France","(30.4395059, -90.0836838)"
1222,"Romanée-St.-Vivant, France","(47.1622742, 4.9539795)"
1223,"Madera, USA","(37.9254806, -122.5274755)"
1224,"Breede River Valley, South Africa","(-33.7272263, 19.4735066)"
1225,"Short Hills Bench, Canada","(43.0964318, -79.2823459)"
1226,"Alella, Spain","(41.4919653, 2.2940817)"
1227,"Naches Heights, USA","(46.64903109999999, -120.6585503)"
1228,"Aglianico del Beneventano, Italy","(41.1393811, 14.7738489)"
1229,"Vin de Pays de la Haute Vallée du Gassac, France","(41.0138527, -73.7585179)"
1230,"Ticino, Switzerland","(46.331734, 8.800452900000002)"
1231,"Zonda Valley, Argentina","(-31.740385, -69.0016485)"
1232,"Corse, France","(42.0396042, 9.012892599999999)"
1233,"Vlootenburg, South Africa","(-33.9586148, 18.7979659)"
1234,"Barbera di Piemonte, Italy","(45.4857731, 8.1648994)"
1235,"Colchagua Costa, Chile","(33.6503705, -117.7445783)"
1236,"Castilla La Mancha, Spain","(39.2795607, -3.097702)"
1237,"Brachetto d'Acqui, Italy","(33.9214486, -84.3160105)"
1238,"Vin Doux Naturel Rasteau, France","(44.2248427, 4.988436)"
1239,"Brda, Slovenia","(45.9975652, 13.5270474)"
1240,"Dingač, Croatia","(42.9411045, 17.3655707)"
1241,"Châteaumeillant, France","(46.562103, 2.2018749)"
1242,"Morocco, Morocco","(31.791702, -7.092619999999999)"
1243,"Achaia, Greece","(38.1158729, 21.9522491)"
1244,"Polkadraai Hills, South Africa","(-33.9608446, 18.800415)"
1245,"Bot River, South Africa","(-34.2254252, 19.1969241)"
1246,"Tuscany, Italy","(43.7710513, 11.2486208)"
1247,"Similkameen Valley, Canada","(49.20246239999999, -119.8294828)"
1248,"Nardò, Italy","(40.1798489, 18.0331588)"
1249,"Donnici, Italy","(39.2574868, 16.2853141)"
1250,"Cabardes, France","(43.37074450000001, 2.2832766)"
1251,"Dolcetto di Dogliani Superiore, Italy","(37.7934333, -122.3993139)"
1252,"Ribera del Júcar, Spain","(39.2286419, -1.443469)"
1253,"Lamezia, Italy","(38.93362219999999, 16.2757514)"
1254,"Trentino Superiore, Italy","(46.0747793, 11.1217486)"
1255,"Amyndeon, Greece","(40.6905178, 21.6797432)"
1256,"Vânju Mare, Romania","(44.4257053, 22.8680481)"
1257,"Hrvatsko Primorje, Croatia","(45.1, 15.2000001)"
1258,"Vin de Pays de la Méditerranée, France","(30.392116, -88.8876973)"
1259,"Cerasuolo d'Abruzzo, Italy","(39.76221, -105.0199866)"
1260,"Grave del Friuli, Italy","(35.466795, -97.5166443)"
1261,"Mâcon-Vinzelles, France","(46.2705194, 4.7753823)"
1262,"Mâcon-Prissé, France","(46.32179199999999, 4.744358)"
1263,"Vino de la Tierra de Cádiz, Spain","(36.5036495, -6.2743024)"
1264,"Vin Santo di Carmignano, Italy","(43.8239256, 10.995516)"
1265,"Pirque, Chile","(-33.6874736, -70.5883812)"
1266,"Alghero, Italy","(40.5579517, 8.319294900000001)"
1267,"La Clape, France","(43.158333, 3.1)"
1268,"Ramandolo, Italy","(46.2176074, 13.2637066)"
1269,"Vino de la Tierra de Zamora, Spain","(41.4209074, -5.6878736)"
1270,"Lot, France","(44.5379358, 1.6760691)"
1271,"Garda, Italy","(45.6049385, 10.6351414)"
1272,"Dolenjska, Slovenia","(45.7558584, 15.0592333)"
1273,"Arizona, USA","(34.0489281, -111.0937311)"
1274,"Brindisi, Italy","(40.6327278, 17.9417616)"
1275,"Western Plains, Australia","(-32.2785846, 148.5817624)"
1276,"New Zealand, New Zealand","(-40.900557, 174.885971)"
1277,"Pouilly-sur-Loire, France","(47.283935, 2.955667)"
1278,"Requinoa, Chile","(-34.2866812, -70.8211772)"
1279,"Kangaroo Island, Australia","(-35.7752426, 137.2142417)"
1280,"Vin Mousseux, France","(32.443335, -97.787711)"
1281,"Mavrodaphne de Cephalonie, Greece","(38.1753675, 20.5692179)"
1282,"Burgundy, France","(47.0525047, 4.3837215)"
1283,"Casorzo, Italy","(45.02123479999999, 8.3371719)"
1284,"Rosso di Cerignola, Italy","(41.2630789, 15.9115666)"
1285,"Adelaida District, USA","(35.645397, -120.874138)"
1286,"Goumenissa, Greece","(40.946869, 22.4510542)"
1287,"Dolcetto d'Asti, Italy","(41.6597893, -91.53151129999999)"
1288,"Sant' Agata dei Goti, Italy","(41.0895812, 14.4998955)"
1289,"Messinia, Greece","(37.1424653, 21.9522491)"
1290,"Crémant de Loire, France","(47.2703169, -0.1046324)"
1291,"Lakonia, Greece","(37.0299087, 22.5245093)"
1292,"McLaren Vale-Langhorne Creek, Australia","(-35.3356914, 139.0215171)"
1293,"Mentrida, Spain","(40.2394809, -4.1936206)"
1294,"Vin de Pays de Vaucluse, France","(43.8888395, 5.097687000000001)"
1295,"Erice, Italy","(38.0380892, 12.5873511)"
1296,"Monreale, Italy","(38.0814986, 13.2889834)"
1297,"Monferrato Bianco, Italy","(44.9032667, -93.56614019999999)"
1298,"Béarn, France","(43.47055599999999, -0.9248539999999998)"
1299,"Paso Robles Willow Creek District, USA","(35.5595517, -120.7791151)"
1300,"Torgiano Rosso Riserva, Italy","(43.043267, 12.4495221)"
1301,"Arribes del Duero, Spain","(40.9171256, -6.7992003)"
1302,"Finca Élez, Spain","(37.8002248, -122.434813)"
1303,"Moulis, France","(42.961685, 1.091185)"
1304,"Pinto Bandeira, Brazil","(-29.0974864, -51.45032339999999)"
1305,"Campanha, Brazil","(-21.8343864, -45.3990201)"
1306,"Lime Kiln Valley, USA","(36.0112678, -121.5164712)"
1307,"Moscato di Pantelleria, Italy","(36.8057129, 12.0217794)"
1308,"Amador-Napa, USA","(38.3401543, -122.2819456)"
1309,"Hilltops, Australia","(-34.3613068, 148.4629997)"
1310,"Barossa-Langhorne Creek, Australia","(37.7746773, -122.391388)"
1311,"Currency Creek-McLaren Vale, Australia","(-35.4373405, 138.7586849)"
1312,"Vin Santo di Montepulciano, Italy","(43.09045649999999, 11.7810898)"
1313,"Coteaux du Lyonnais, France","(45.6396816, 4.706689)"
1314,"Gippsland, Australia","(-37.5831982, 147.4627259)"
1315,"Friuli Colli Orientali, Italy","(46.0397227, 13.437443)"
1316,"Mâcon-Azé, France","(46.431348, 4.7612249)"
1317,"Dogliani Superiore, Italy","(None, None)"
1318,"Strathbogie Ranges, Australia","(-36.9, 145.75)"
1319,"South Africa, South Africa","(-30.559482, 22.937506)"
1320,"Colline Teramane, Italy","(43.6503956, -79.3843577)"
1321,"San Antonio de las Minas Valley, Mexico","(31.965445, -116.646471)"
1322,"Vino de la Tierra Ribera del Gállego-Cinco Villas, Spain","(41.6488226, -0.8890853)"
1323,"Madeira, Portugal","(32.76070740000001, -16.9594723)"
1324,"Valtellina, Italy","(46.1633869, 9.8447202)"
1325,"Moscato di Trani, Italy","(41.2784559, 16.415835)"
1326,"Napa Valley-Paso Robles, USA","(35.6444393, -120.6893353)"
1327,"Krania Olympus, Greece","(39.954899, 21.967369)"
1328,"Falanghina del Molise, Italy","(41.8707208, 14.691154)"
1329,"Corinthia, Greece","(38.0022977, 22.5245093)"
1330,"Slovenska Istra, Slovenia","(45.2745018, 13.8901858)"
1331,"Corton-Bressandes, France","(47.0249725, 4.827512899999999)"
1332,"Commandaria, Cyprus","(34.8167628, 32.9093957)"
1333,"Medrano, Argentina","(-33.1775166, -68.6113055)"
1334,"Lake County-Sonoma County, USA","(38.759642, -123.0915605)"
1335,"Valpolicella Ripasso Valpantena, Italy","(45.5333333, 11.0)"
1336,"Gaillac Doux, France","(None, None)"
1337,"Maury, France","(42.811253, 2.593028)"
1338,"Jerusalem Hills, Israel","(31.805577, 35.238607)"
1339,"Brazil, Brazil","(-14.235004, -51.92528)"
1340,"Circeo, Italy","(41.2381661, 13.0457514)"
1341,"Gundagai, Australia","(-35.0566492, 148.102061)"
1342,"Vin de Pays des Coteaux de Bessilles, France","(43.4775778, 3.538874)"
1343,"Mâcon Chaintré, France","(None, None)"
1344,"Mâcon-Péronne, France","(40.7265833, -73.9936417)"
1345,"Mazoyeres-Chambertin, France","(36.5017097, -121.9373001)"
1346,"Altos de Mendoza, Argentina","(-32.8870591, -68.8996159)"
1347,"Nevada County, USA","(39.1346666, -121.1710389)"
1348,"Coteaux du Languedoc-Pézenas, France","(43.461516, 3.408508)"
1349,"Cauquenes Valley, Chile","(-35.9676285, -72.32223309999999)"
1350,"Cirò Classico, Italy","(42.05576019999999, -70.1808599)"
1351,"Bardolino Classico Superiore, Italy","(45.53482839999999, 10.7365305)"
1352,"Vino de Calidad de Tierras de León, Spain","(42.5857936, -5.5660419)"
1353,"Cour-Cheverny, France","(47.508733, 1.457552)"
1354,"Mount Athos, Greece","(40.2644928, 24.2152731)"
1355,"Valpolicella Ripasso Valpantena Superiore, Italy","(45.5333333, 11.0)"
1356,"McLaren Vale-Padthaway, Australia","(43.0817022, -73.7872369)"
1357,"Vino de la Tierra de Castelló, Spain","(39.9715447, -0.0710039)"
1358,"Falanghina del Sannio, Italy","(37.7934333, -122.3993139)"
1359,"Mendocino-Amador, USA","(39.5500194, -123.438353)"
1360,"Turkey, Turkey","(38.963745, 35.243322)"
1361,"Bienvenues Bâtard-Montrachet, France","(32.8501493, -96.8208313)"
1362,"Casablanca & Leyda Valleys, Chile","(-33.3182828, -71.4070899)"
1363,"Dealurile Hușilor, Romania","(46.67078559999999, 28.0491151)"
1364,"Vallée du Paradis, France","(43.4354561, 6.8525385)"
1365,"Urla-Thrace, Turkey","(38.320858, 26.736528)"
1366,"San Rafael, Argentina","(-34.6128922, -68.3390622)"
1367,"Sovana, Italy","(42.6581356, 11.6455585)"
1368,"Sardinia, Italy","(40.1208752, 9.012892599999999)"
1369,"Tumbarumba, Australia","(-35.7694861, 148.0057003)"
1370,"Südburgenland, Austria","(47.1878672, 16.2040344)"
1371,"Sonoma County-San Joaquin County, USA","(37.9175935, -121.1710389)"
1372,"Henty, Australia","(-35.52, 147.035)"
1373,"Côtes de Saint-Mont, France","(43.6506681, -0.1536811)"
1374,"Geelong, Australia","(-38.1499181, 144.3617186)"
1375,"San Marino, Italy","(None, None)"
1376,"Sterea Ellada, Greece","(38.6043984, 22.7152131)"
1377,"Coteaux du Layon Beaulieu, France","(42.352042, -71.069408)"
1378,"River Junction, USA","(43.6489596, -72.3192579)"
1379,"Primitivo del Tarantino, Italy","(40.4062157, 17.6358525)"
1380,"Falanghina del Beneventano, Italy","(41.2453814, 14.5675385)"
1381,"Imathia, Greece","(40.60600669999999, 22.1430215)"
1382,"San Bernabe, USA","(36.1475072, -121.1006615)"
1383,"Napa-Amador, USA","(38.3401543, -122.2819456)"
1384,"Vin de Pays de L'Herault, France","(43.5747967, 3.4923334)"
1385,"Montefalco, Italy","(42.88929359999999, 12.6502843)"
1386,"Muscadet, France","(32.7798047, -79.9273809)"
1387,"Santa Cruz County, USA","(37.0453988, -121.9579578)"
1388,"Vinho Licoroso, Portugal","(38.8402416, -7.628929299999999)"
1389,"Sonoma-Santa Barbara-Mendocino, USA","(34.4208321, -119.6982057)"
1390,"Napa-Mendocino-Sonoma, USA","(38.2840002, -122.4567528)"
1391,"Vin de Pays de France, France","(43.5711623, 3.876701599999999)"
1392,"Pavia, Italy","(45.1847248, 9.1582069)"
1393,"Picpoul de Pinet, France","(37.7746773, -122.391388)"
1394,"Vinho Espumante, Portugal","(40.5712479, -8.4345562)"
1395,"Helderberg, South Africa","(-34.1298863, 18.9064427)"
1396,"Southern Highlands, Australia","(-34.5479968, 150.3037323)"
1397,"Prosecco di Valdobbiadene Superiore, Italy","(45.9012514, 11.9958811)"
1398,"Italy Other, Italy","(37.09024, -95.712891)"
1399,"La Romanée, France","(47.159051, 4.954572)"
1400,"Lake-Sonoma-Napa, USA","(38.759642, -123.0915605)"
1401,"Vin de Pays de Montferrand, France","(43.35454, 1.823073)"
1402,"Muscadet Coteaux de la Loire, France","(47.338162, -1.2249558)"
1403,"Isle St. George, USA","(41.72171489999999, -82.82018719999999)"
1404,"Clairette de Die, France","(44.7601577, 5.357141299999999)"
1405,"Clare Valley-Eden Valley, Australia","(-33.8335699, 138.61)"
1406,"Gutturnio Classico Superiore, Italy","(36.0819339, -79.7637189)"
1407,"Vale Trentino, Brazil","(-29.231643, -51.2702634)"
1408,"Central Valley, USA","(40.19987769999999, -122.2011075)"
1409,"Strevi, Italy","(44.7004186, 8.5234983)"
1410,"Riverland, Australia","(-34.3142878, 139.8547266)"
1411,"Sardon de Duero, Spain","(41.6058666, -4.4284985)"
1412,"Wagram, Austria","(48.299052, 16.5640125)"
1413,"Texoma, USA","(33.7998245, -96.57833869999999)"
1414,"Capay Valley, USA","(38.7107366, -122.0471933)"
1415,"Ukraine, Ukraine","(48.379433, 31.1655799)"
1416,"Malgas, South Africa","(-34.3204182, 20.5811363)"
1417,"Antelope Valley of the California High Desert, USA","(34.7513712, -118.2522977)"
1418,"Sagrada Familia, Chile","(-34.9984205, -71.34458219999999)"
1419,"Cacc’e Mmitte di Lucera, Italy","(41.5080016, 15.3401891)"
1420,"Hautes Cotes de Beaune, France","(46.9979057, 4.7747405)"
1421,"St. David's Bench, Canada","(43.16032389999999, -79.10404319999999)"
1422,"Fleurieu Peninsula, Australia","(-35.5, 138.5)"
1423,"Letrinon, Greece","(37.6720919, 21.4378157)"
1424,"Nuragus di Cagliari, Italy","(39.7772646, 9.0396465)"
1425,"Muscat of Kefallonian, Greece","(38.1753675, 20.5692179)"
1426,"Codru Region, Moldova","(46.9787276, 28.8156637)"
1427,"Sonoma-Napa-Monterey, USA","(36.599774, -121.8953841)"
1428,"Thessalikos, Greece","(45.519926, -73.5977389)"
1429,"Mâcon-Uchizy, France","(46.48924299999999, 4.9130685)"
1430,"Catalanesca del Monte Somma, Italy","(40.8333333, 14.4333333)"
1431,"San Gimignano, Italy","(43.4676324, 11.0434909)"
1432,"Pouilly-Loché, France","(46.278339, 4.768853)"
1433,"Bourgogne Vézelay, France","(47.465674, 3.746143)"
1434,"Mâcon-Davayé, France","(46.302008, 4.744197)"
1435,"Beechworth, Australia","(-36.3533015, 146.6877247)"
1436,"Vino de Calidad de Valtiendas, Spain","(41.47864, -3.91813)"
1437,"Mitterberg, Italy","(47.4490814, 13.9047146)"
1438,"Montello e Colli Asolani, Italy","(45.78137479999999, 12.0702775)"
1439,"China, China","(37.223169, -95.73148200000001)"
1440,"Limnos, Greece","(39.9198413, 25.141484)"
1441,"Egypt, Egypt","(35.8681298, -90.9456751)"
1442,"Viile Timis, Romania","(45.8138902, 21.3331055)"
1443,"Rivesaltes Rosé, France","(42.7678066, 2.8718416)"
1444,"Offida Rosso, Italy","(42.929348, 13.6997866)"
1445,"Côtes de Montravel, France","(39.1523611, -77.06758409999999)"
1446,"Devon Valley, South Africa","(-33.9234308, 18.8187429)"
1447,"Krk, Croatia","(45.0278995, 14.5752114)"
1448,"Arcadia, Greece","(37.5557825, 22.3337769)"
1449,"Todi, Italy","(42.7819352, 12.4065686)"
1450,"Cape Agulhas, South Africa","(-34.8163001, 20.0151897)"
1451,"Colli del Limbara, Italy","(40.85, 9.1666667)"
1452,"Vin de Pays Cité de Carcassonne, France","(43.2060816, 2.3641961)"
1453,"Catamarca, Argentina","(-28.469581, -65.7795441)"
1454,"Kathikas, Cyprus","(34.9137456, 32.4184108)"
1455,"Vin de Pays de Velvendo, Greece","(40.2545476, 22.0742782)"
1456,"Mediterranée, France","(43.38000299999999, 5.190583)"
1457,"Langhorne Creek-Limestone Coast, Australia","(-35.29625559999999, 139.038277)"
1458,"Coda di Volpe d'Irpinia, Italy","(41.94263979999999, -87.663589)"
1459,"Negev, Israel","(30.7140861, 34.8757476)"
1460,"Squinzano, Italy","(40.4349907, 18.0421742)"
1461,"Barossa-Adelaide Hills, Australia","(-34.6521201, 138.8491729)"
1462,"Monterey County-Napa County, USA","(36.60341409999999, -121.862733)"
1463,"Mâcon-Vergisson, France","(46.30963, 4.716371)"
1464,"Est! Est!! Est!!! di Montefiascone, Italy","(42.533851, 12.041377)"
1465,"Niagara Escarpment, Canada","(44.7180522, -87.5950953)"
1466,"Terrasses du Larzac, France","(43.93101559999999, 3.2426063)"
1467,"Côtes Catalanes, France","(35.466795, -97.5166443)"
1468,"Lesbos, Greece","(39.2645095, 26.2777073)"
1469,"Apremont, France","(46.74935199999999, -1.741805)"
1470,"Távora-Varosa, Portugal","(41.038893, -7.758375)"
1471,"Niagara Escarpment, USA","(44.7180522, -87.5950953)"
1472,"Mâcon-Milly Lamartine, France","(46.3486649, 4.6979559)"
1473,"Sonoma County-Santa Barbara County, USA","(34.4208321, -119.6982057)"
1474,"Vesuvio, Italy","(40.82238299999999, 14.4289058)"
1475,"Alta Valle della Greve, Italy","(43.5737535, 11.3469038)"
1476,"Neuchâtel, Switzerland","(46.9899874, 6.9292732)"
1477,"Del Veneto, Italy","(45.4414662, 12.3152595)"
1478,"Roussette de Savoie, France","(45.5046409, 5.9938459)"
1479,"Paestum, Italy","(40.4269855, 15.0050404)"
